{
  "files": [
    {
      "filepath": "/home/www/dekzer-oss/decoders/wav-decoder/tests/WavDecoder.bench.ts",
      "groups": [
        {
          "fullName": "tests/WavDecoder.bench.ts > WavDecoder full decode() performance",
          "benchmarks": [
            {
              "id": "-1658260580_0_0",
              "name": "Full decode: sine_alaw_8bit_le_mono.wav",
              "rank": 3,
              "rme": 2.5012532635515727,
              "samples": [],
              "totalTime": 5000,
              "min": 0,
              "max": 5.999999999999545,
              "hz": 606.8,
              "period": 1.6479894528675016,
              "mean": 1.6479894528675016,
              "variance": 1.3419230912174585,
              "sd": 1.1584140413588997,
              "sem": 0.02103081121062964,
              "df": 3033,
              "critical": 1.96,
              "moe": 0.041220389972834094,
              "p75": 3,
              "p99": 4,
              "p995": 4,
              "p999": 5,
              "sampleCount": 3034,
              "median": 1
            },
            {
              "id": "-1658260580_0_1",
              "name": "Full decode: sine_pcm_16bit_le_stereo.wav",
              "rank": 2,
              "rme": 2.92259525854726,
              "samples": [],
              "totalTime": 5003.000000000001,
              "min": 0,
              "max": 6,
              "hz": 655.406755946432,
              "period": 1.525770051845075,
              "mean": 1.525770051845075,
              "variance": 1.6972460130015576,
              "sd": 1.302783947169122,
              "sem": 0.02275106285283583,
              "df": 3278,
              "critical": 1.96,
              "moe": 0.044592083191558225,
              "p75": 2.9999999999990905,
              "p99": 5,
              "p995": 5,
              "p999": 5.000000000001819,
              "sampleCount": 3279,
              "median": 1
            },
            {
              "id": "-1658260580_0_2",
              "name": "Full decode: sine_pcm_24bit_be_stereo.wav",
              "rank": 1,
              "rme": 2.848012573219321,
              "samples": [],
              "totalTime": 5002.9999999999945,
              "min": 0,
              "max": 6,
              "hz": 698.5808514891073,
              "period": 1.4314735336194548,
              "mean": 1.4314735336194548,
              "variance": 1.5121173186324375,
              "sd": 1.2296817956822965,
              "sem": 0.020800278683565807,
              "df": 3494,
              "critical": 1.96,
              "moe": 0.04076854621978898,
              "p75": 2.000000000001819,
              "p99": 4.000000000001819,
              "p995": 4.000000000001819,
              "p999": 5,
              "sampleCount": 3495,
              "median": 1
            }
          ]
        },
        {
          "fullName": "tests/WavDecoder.bench.ts > WavDecoder block processing performance",
          "benchmarks": [
            {
              "id": "-1658260580_1_0",
              "name": "Block processing: decodeFrames()",
              "rank": 1,
              "rme": 2.4439779152818177,
              "samples": [],
              "totalTime": 10000.000000000011,
              "min": 0,
              "max": 8.000000000003638,
              "hz": 560.8999999999994,
              "period": 1.782848992690321,
              "mean": 1.782848992690321,
              "variance": 2.772023907470951,
              "sd": 1.6649396107579852,
              "sem": 0.02223083451233459,
              "df": 5608,
              "critical": 1.96,
              "moe": 0.043572435644175796,
              "p75": 3,
              "p99": 5.000000000003638,
              "p995": 6,
              "p999": 6.000000000003638,
              "sampleCount": 5609,
              "median": 1
            },
            {
              "id": "-1658260580_1_1",
              "name": "Block processing: decode()",
              "rank": 2,
              "rme": 2.4876419236870824,
              "samples": [],
              "totalTime": 10000.000000000025,
              "min": 0,
              "max": 8.000000000003638,
              "hz": 552.2999999999986,
              "period": 1.8106101756291917,
              "mean": 1.8106101756291917,
              "variance": 2.916678421533652,
              "sd": 1.7078285691291302,
              "sem": 0.02298035602219188,
              "df": 5522,
              "critical": 1.96,
              "moe": 0.04504149780349608,
              "p75": 3.999999999992724,
              "p99": 5.000000000007276,
              "p995": 6,
              "p999": 7,
              "sampleCount": 5523,
              "median": 1
            }
          ]
        }
      ]
    }
  ]
}