{
  "files": [
    {
      "filepath": "/home/www/dekzer-oss/decoders/wav-decoder/tests/WavDecoder.bench.ts",
      "groups": [
        {
          "fullName": "tests/WavDecoder.bench.ts > WavDecoder full decode() performance",
          "benchmarks": [
            {
              "id": "-294586808_0_0",
              "name": "Full decode: sine_alaw_8bit_le_mono.wav",
              "rank": 1,
              "rme": 1.2205507385341459,
              "samples": [],
              "totalTime": 5000.000000011176,
              "min": 0.09999999776482582,
              "max": 3.100000001490116,
              "hz": 2929.9999999934507,
              "period": 0.3412969283284079,
              "mean": 0.3412969283284079,
              "variance": 0.06617621396654393,
              "sd": 0.2572473789303672,
              "sem": 0.002125358254748335,
              "df": 14649,
              "critical": 1.96,
              "moe": 0.004165702179306737,
              "p75": 0.3999999985098839,
              "p99": 1.6000000014901161,
              "p995": 1.699999999254942,
              "p999": 2,
              "sampleCount": 14650,
              "median": 0.30000000074505806
            },
            {
              "id": "-294586808_0_1",
              "name": "Full decode: sine_pcm_16bit_le_stereo.wav",
              "rank": 2,
              "rme": 1.3686976234381336,
              "samples": [],
              "totalTime": 5000.400000002235,
              "min": 0,
              "max": 3.899999998509884,
              "hz": 2425.405967521514,
              "period": 0.41230211081812623,
              "mean": 0.41230211081812623,
              "variance": 0.10053636720823944,
              "sd": 0.3170747028828371,
              "sem": 0.002879167955180079,
              "df": 12127,
              "critical": 1.96,
              "moe": 0.005643169192152954,
              "p75": 0.5,
              "p99": 1.5999999977648258,
              "p995": 1.800000000745058,
              "p999": 2.199999999254942,
              "sampleCount": 12128,
              "median": 0.30000000074505806
            },
            {
              "id": "-294586808_0_2",
              "name": "Full decode: sine_pcm_24bit_be_stereo.wav",
              "rank": 3,
              "rme": 1.545866658468081,
              "samples": [],
              "totalTime": 5000.000000018626,
              "min": 0.09999999776482582,
              "max": 2.7000000029802322,
              "hz": 1876.39999999301,
              "period": 0.532935408230508,
              "mean": 0.532935408230508,
              "variance": 0.16575876335958437,
              "sd": 0.40713482209163143,
              "sem": 0.004203301421941929,
              "df": 9381,
              "critical": 1.96,
              "moe": 0.00823847078700618,
              "p75": 0.6999999992549419,
              "p99": 1.7000000029802322,
              "p995": 1.9000000022351742,
              "p999": 2.300000000745058,
              "sampleCount": 9382,
              "median": 0.30000000074505806
            }
          ]
        },
        {
          "fullName": "tests/WavDecoder.bench.ts > WavDecoder block processing performance",
          "benchmarks": [
            {
              "id": "-294586808_1_0",
              "name": "Block processing: decodeFrames()",
              "rank": 1,
              "rme": 1.6181365947961177,
              "samples": [],
              "totalTime": 10000.499999988824,
              "min": 0.29999999701976776,
              "max": 4.399999998509884,
              "hz": 1023.4488275597658,
              "period": 0.9770884220800024,
              "mean": 0.9770884220800024,
              "variance": 0.6659993389830804,
              "sd": 0.8160878255329388,
              "sem": 0.008066645572036974,
              "df": 10234,
              "critical": 1.96,
              "moe": 0.01581062532119247,
              "p75": 1.8999999985098839,
              "p99": 2.899999998509884,
              "p995": 3,
              "p999": 3.5,
              "sampleCount": 10235,
              "median": 0.5
            },
            {
              "id": "-294586808_1_1",
              "name": "Block processing: decode()",
              "rank": 2,
              "rme": 1.7343281579801646,
              "samples": [],
              "totalTime": 10002.099999949336,
              "min": 0.3999999985098839,
              "max": 10.899999998509884,
              "hz": 884.3142940027398,
              "period": 1.1308196721254196,
              "mean": 1.1308196721254196,
              "variance": 0.8855945903592127,
              "sd": 0.9410603542596048,
              "sem": 0.010006185709005166,
              "df": 8844,
              "critical": 1.96,
              "moe": 0.019612123989650124,
              "p75": 2.199999999254942,
              "p99": 3.399999998509884,
              "p995": 3.600000001490116,
              "p999": 4.5,
              "sampleCount": 8845,
              "median": 0.6000000014901161
            }
          ]
        }
      ]
    }
  ]
}