{
  "files": [
    {
      "filepath": "/home/www/dekzer-oss/decoders/wav-decoder/tests/WavDecoder.bench.ts",
      "groups": [
        {
          "fullName": "tests/WavDecoder.bench.ts > WavDecoder full decode() performance",
          "benchmarks": [
            {
              "id": "278005979_0_0",
              "name": "sine_alaw_8bit_le_mono.wav - decode",
              "rank": 2,
              "rme": 3.5937212362093103,
              "samples": [],
              "totalTime": 5001,
              "min": 1,
              "max": 18,
              "hz": 279.74405118976205,
              "period": 3.5746962115797,
              "mean": 3.5746962115797,
              "variance": 6.0099744248139935,
              "sd": 2.4515249182527175,
              "sem": 0.06554317188036192,
              "df": 1398,
              "critical": 1.96,
              "moe": 0.12846461688550936,
              "p75": 3,
              "p99": 11,
              "p995": 12,
              "p999": 14,
              "sampleCount": 1399,
              "median": 3
            },
            {
              "id": "278005979_0_1",
              "name": "sine_pcm_16bit_le_stereo.wav - decode",
              "rank": 1,
              "rme": 3.4980952686791094,
              "samples": [],
              "totalTime": 5000,
              "min": 1,
              "max": 16,
              "hz": 286.2,
              "period": 3.4940600978336827,
              "mean": 3.4940600978336827,
              "variance": 5.564824832749326,
              "sd": 2.358988095084273,
              "sem": 0.062359974983226894,
              "df": 1430,
              "critical": 1.96,
              "moe": 0.12222555096712472,
              "p75": 3,
              "p99": 10,
              "p995": 11,
              "p999": 15,
              "sampleCount": 1431,
              "median": 3
            },
            {
              "id": "278005979_0_2",
              "name": "sine_pcm_24bit_be_stereo.wav - decode",
              "rank": 3,
              "rme": 3.483966368151961,
              "samples": [],
              "totalTime": 5000,
              "min": 1,
              "max": 19,
              "hz": 276.6,
              "period": 3.6153289949385394,
              "mean": 3.6153289949385394,
              "variance": 5.711544880830211,
              "sd": 2.3898838634607773,
              "sem": 0.06426369708250257,
              "df": 1382,
              "critical": 1.96,
              "moe": 0.12595684628170503,
              "p75": 4,
              "p99": 10,
              "p995": 11,
              "p999": 14,
              "sampleCount": 1383,
              "median": 3
            }
          ]
        },
        {
          "fullName": "tests/WavDecoder.bench.ts > WavDecoder API comparison under looping conditions",
          "benchmarks": [
            {
              "id": "278005979_1_0",
              "name": "block-by-block (using decodeFrames)",
              "rank": 1,
              "rme": 3.3483895231662877,
              "samples": [],
              "totalTime": 5000,
              "min": 0,
              "max": 7,
              "hz": 5353.200000000001,
              "period": 0.1868041545243966,
              "mean": 0.1868041545243966,
              "variance": 0.2725940305390753,
              "sd": 0.5221053825992176,
              "sem": 0.0031912911933338053,
              "df": 26765,
              "critical": 1.96,
              "moe": 0.006254930738934258,
              "p75": 0,
              "p99": 1,
              "p995": 2,
              "p999": 6,
              "sampleCount": 26766,
              "median": 0
            },
            {
              "id": "278005979_1_1",
              "name": "block-by-block (using decode)",
              "rank": 2,
              "rme": 3.310618566375853,
              "samples": [],
              "totalTime": 5006,
              "min": 1,
              "max": 18,
              "hz": 286.8557730723132,
              "period": 3.486072423398329,
              "mean": 3.486072423398329,
              "variance": 4.978899964089165,
              "sd": 2.2313448778907228,
              "sem": 0.05888293922772129,
              "df": 1435,
              "critical": 1.96,
              "moe": 0.11541056088633372,
              "p75": 4,
              "p99": 10,
              "p995": 10,
              "p999": 18,
              "sampleCount": 1436,
              "median": 3
            }
          ]
        },
        {
          "fullName": "tests/WavDecoder.bench.ts > WavDecoder full file macrobench",
          "benchmarks": [
            {
              "id": "278005979_2_0",
              "name": "sine_alaw_8bit_le_mono.wav - full decode() macrobench",
              "rank": 3,
              "rme": 16.2977586619605,
              "samples": [],
              "totalTime": 500,
              "min": 0,
              "max": 6,
              "hz": 25538,
              "period": 0.03915733416868979,
              "mean": 0.03915733416868979,
              "variance": 0.13537134499652675,
              "sd": 0.36792845092018467,
              "sem": 0.003256003990444112,
              "df": 12768,
              "critical": 1.96,
              "moe": 0.00638176782127046,
              "p75": 0,
              "p99": 1,
              "p995": 1,
              "p999": 6,
              "sampleCount": 12769,
              "median": 0
            },
            {
              "id": "278005979_2_1",
              "name": "sine_pcm_16bit_le_stereo.wav - full decode() macrobench",
              "rank": 2,
              "rme": 15.62737120879305,
              "samples": [],
              "totalTime": 500,
              "min": 0,
              "max": 6,
              "hz": 26536,
              "period": 0.03768465480856195,
              "mean": 0.03768465480856195,
              "variance": 0.11978274459905892,
              "sd": 0.3460964382929401,
              "sem": 0.003004653518207274,
              "df": 13267,
              "critical": 1.96,
              "moe": 0.005889120895686256,
              "p75": 0,
              "p99": 1,
              "p995": 1,
              "p999": 5,
              "sampleCount": 13268,
              "median": 0
            },
            {
              "id": "278005979_2_2",
              "name": "sine_pcm_24bit_be_stereo.wav - full decode() macrobench",
              "rank": 1,
              "rme": 16.165175578927048,
              "samples": [],
              "totalTime": 500,
              "min": 0,
              "max": 6,
              "hz": 28454,
              "period": 0.03514444366345681,
              "mean": 0.03514444366345681,
              "variance": 0.11952957810827147,
              "sd": 0.3457304992451078,
              "sem": 0.002898551543079028,
              "df": 14226,
              "critical": 1.96,
              "moe": 0.005681161024434895,
              "p75": 0,
              "p99": 1,
              "p995": 1,
              "p999": 6,
              "sampleCount": 14227,
              "median": 0
            }
          ]
        }
      ]
    }
  ]
}