{
  "files": [
    {
      "filepath": "/home/www/dekzer-oss/wav-decoder/tests/WavDecoder.bench.ts",
      "groups": [
        {
          "fullName": "tests/WavDecoder.bench.ts > WavDecoder full decode() performance",
          "benchmarks": [
            {
              "id": "-294586808_0_0",
              "name": "sine_alaw_8bit_le_mono.wav - decode",
              "rank": 3,
              "rme": 6.569839325063674,
              "samples": [],
              "totalTime": 1000.4999999990687,
              "min": 0.10000000055879354,
              "max": 8.899999999441206,
              "hz": 1182.4087956032995,
              "period": 0.8457311918842508,
              "mean": 0.8457311918842508,
              "variance": 0.950707227170751,
              "sd": 0.9750421668680544,
              "sem": 0.02834856144323532,
              "df": 1182,
              "critical": 1.96,
              "moe": 0.05556318042874123,
              "p75": 0.7999999998137355,
              "p99": 4.8999999994412065,
              "p995": 5.400000000372529,
              "p999": 8.400000000372529,
              "sampleCount": 1183,
              "median": 0.40000000037252903
            },
            {
              "id": "-294586808_0_1",
              "name": "sine_pcm_16bit_le_stereo.wav - decode",
              "rank": 1,
              "rme": 3.184224688031078,
              "samples": [],
              "totalTime": 1000.2000000029802,
              "min": 0,
              "max": 4.599999999627471,
              "hz": 2611.477704451327,
              "period": 0.38292496171630175,
              "mean": 0.38292496171630175,
              "variance": 0.10108711347863214,
              "sd": 0.31794199703504433,
              "sem": 0.006221015901838794,
              "df": 2611,
              "critical": 1.96,
              "moe": 0.012193191167604036,
              "p75": 0.5,
              "p99": 1.2999999998137355,
              "p995": 2.599999999627471,
              "p999": 3.7000000001862645,
              "sampleCount": 2612,
              "median": 0.2999999998137355
            },
            {
              "id": "-294586808_0_2",
              "name": "sine_pcm_24bit_be_stereo.wav - decode",
              "rank": 2,
              "rme": 2.0723719146442034,
              "samples": [],
              "totalTime": 1000.1999999973923,
              "min": 0.19999999925494194,
              "max": 1.5,
              "hz": 1896.620675869772,
              "period": 0.5272535582484935,
              "mean": 0.5272535582484935,
              "variance": 0.058956218911402514,
              "sd": 0.24280901736015184,
              "sem": 0.005574823806175508,
              "df": 1896,
              "critical": 1.96,
              "moe": 0.010926654660103995,
              "p75": 0.7000000001862645,
              "p99": 1.2000000001862645,
              "p995": 1.2999999998137355,
              "p999": 1.5,
              "sampleCount": 1897,
              "median": 0.40000000037252903
            }
          ]
        },
        {
          "fullName": "tests/WavDecoder.bench.ts > WavDecoder API comparison under looping conditions",
          "benchmarks": [
            {
              "id": "-294586808_1_0",
              "name": "block-by-block (using decodeFrames)",
              "rank": 1,
              "rme": 2.178192463544317,
              "samples": [],
              "totalTime": 1000.0000000055879,
              "min": 0,
              "max": 2.099999999627471,
              "hz": 6502.999999963661,
              "period": 0.1537751806866966,
              "mean": 0.1537751806866966,
              "variance": 0.01899182087160187,
              "sd": 0.1378108155102562,
              "sem": 0.0017089384676118782,
              "df": 6502,
              "critical": 1.96,
              "moe": 0.003349519396519281,
              "p75": 0.20000000018626451,
              "p99": 0.599999999627471,
              "p995": 1.199999999254942,
              "p999": 1.599999999627471,
              "sampleCount": 6503,
              "median": 0.10000000055879354
            },
            {
              "id": "-294586808_1_1",
              "name": "block-by-block (using decode)",
              "rank": 2,
              "rme": 1.9662762464212262,
              "samples": [],
              "totalTime": 1000.2000000001863,
              "min": 0,
              "max": 2.2000000001862645,
              "hz": 3071.385722854857,
              "period": 0.32558593750006065,
              "mean": 0.32558593750006065,
              "variance": 0.032773997169439545,
              "sd": 0.1810359002226894,
              "sem": 0.0032662851789548738,
              "df": 3071,
              "critical": 1.96,
              "moe": 0.0064019189507515525,
              "p75": 0.40000000037252903,
              "p99": 0.8000000007450581,
              "p995": 0.8999999994412065,
              "p999": 1.3999999994412065,
              "sampleCount": 3072,
              "median": 0.2999999998137355
            }
          ]
        }
      ]
    },
    {
      "filepath": "/home/www/dekzer-oss/wav-decoder/tests/WavDecoder.bench.ts",
      "groups": [
        {
          "fullName": "tests/WavDecoder.bench.ts > WavDecoder full decode() performance",
          "benchmarks": [
            {
              "id": "278005979_0_0",
              "name": "sine_alaw_8bit_le_mono.wav - decode",
              "rank": 1,
              "rme": 6.31972492237123,
              "samples": [],
              "totalTime": 1002,
              "min": 1,
              "max": 11,
              "hz": 247.5049900199601,
              "period": 4.040322580645161,
              "mean": 4.040322580645161,
              "variance": 4.208893822645952,
              "sd": 2.0515588762319137,
              "sem": 0.13027411891491056,
              "df": 247,
              "critical": 1.96,
              "moe": 0.2553372730732247,
              "p75": 4,
              "p99": 10,
              "p995": 11,
              "p999": 11,
              "sampleCount": 248,
              "median": 3
            },
            {
              "id": "278005979_0_1",
              "name": "sine_pcm_16bit_le_stereo.wav - decode",
              "rank": 2,
              "rme": 7.684383110248266,
              "samples": [],
              "totalTime": 1003,
              "min": 1,
              "max": 23,
              "hz": 243.2701894317049,
              "period": 4.110655737704918,
              "mean": 4.110655737704918,
              "variance": 6.3374991567159205,
              "sd": 2.517439007546344,
              "sem": 0.16116251797380002,
              "df": 243,
              "critical": 1.96,
              "moe": 0.315878535228648,
              "p75": 4,
              "p99": 9,
              "p995": 14,
              "p999": 23,
              "sampleCount": 244,
              "median": 3
            },
            {
              "id": "278005979_0_2",
              "name": "sine_pcm_24bit_be_stereo.wav - decode",
              "rank": 3,
              "rme": 6.86568771441434,
              "samples": [],
              "totalTime": 1002,
              "min": 1,
              "max": 15,
              "hz": 219.56087824351297,
              "period": 4.554545454545455,
              "mean": 4.554545454545455,
              "variance": 5.599750933997507,
              "sd": 2.3663792878567684,
              "sem": 0.1595412590408898,
              "df": 219,
              "critical": 1.96,
              "moe": 0.31270086772014405,
              "p75": 5,
              "p99": 11,
              "p995": 11,
              "p999": 15,
              "sampleCount": 220,
              "median": 4
            }
          ]
        },
        {
          "fullName": "tests/WavDecoder.bench.ts > WavDecoder API comparison under looping conditions",
          "benchmarks": [
            {
              "id": "278005979_1_0",