{
  "files": [
    {
      "filepath": "/home/www/dekzer-oss/wav-decoder/tests/WavDecoder.bench.ts",
      "groups": [
        {
          "fullName": "tests/WavDecoder.bench.ts > WavDecoder full decode() performance",
          "benchmarks": [
            {
              "id": "508153575_0_0",
              "name": "sine_alaw_8bit_le_mono.wav - decode",
              "rank": 3,
              "rme": 4.422842776592681,
              "samples": [],
              "totalTime": 1000.2104680000015,
              "min": 0.22953499999994165,
              "max": 5.543398000000025,
              "hz": 867.8173522175123,
              "period": 1.1523162073732736,
              "mean": 1.1523162073732736,
              "variance": 0.5868862378958526,
              "sd": 0.7660850069645356,
              "sem": 0.02600261945985488,
              "df": 867,
              "critical": 1.96,
              "moe": 0.050965134141315566,
              "p75": 1.2443959999999379,
              "p99": 3.8215169999999716,
              "p995": 3.96612899999991,
              "p999": 5.543398000000025,
              "sampleCount": 868,
              "median": 0.8657665000000065
            },
            {
              "id": "508153575_0_1",
              "name": "sine_pcm_16bit_le_stereo.wav - decode",
              "rank": 1,
              "rme": 2.2587094203259146,
              "samples": [],
              "totalTime": 1000.2670559999951,
              "min": 0.2795129999999517,
              "max": 4.75291900000002,
              "hz": 1733.5370485299763,
              "period": 0.5768552802768138,
              "mean": 0.5768552802768138,
              "variance": 0.07662869356870358,
              "sd": 0.27681888224740664,
              "sem": 0.006647696202683598,
              "df": 1733,
              "critical": 1.96,
              "moe": 0.013029484557259852,
              "p75": 0.5783340000000408,
              "p99": 1.8301230000001851,
              "p995": 2.676101000000017,
              "p999": 3.703369000000066,
              "sampleCount": 1734,
              "median": 0.5131764999998722
            },
            {
              "id": "508153575_0_2",
              "name": "sine_pcm_24bit_be_stereo.wav - decode",
              "rank": 2,
              "rme": 1.0267038175783072,
              "samples": [],
              "totalTime": 1000.4877250000181,
              "min": 0.514824000000317,
              "max": 2.4148370000002615,
              "hz": 1571.2336700582425,
              "period": 0.6364425731552278,
              "mean": 0.6364425731552278,
              "variance": 0.017472264621848366,
              "sd": 0.13218269410875375,
              "sem": 0.0033338674465705786,
              "df": 1571,
              "critical": 1.96,
              "moe": 0.006534380195278334,
              "p75": 0.6589939999998933,
              "p99": 1.1584549999997762,
              "p995": 1.2115180000000692,
              "p999": 2.025372999999945,
              "sampleCount": 1572,
              "median": 0.6040124999999534
            }
          ]
        },
        {
          "fullName": "tests/WavDecoder.bench.ts > WavDecoder API comparison under looping conditions",
          "benchmarks": [
            {
              "id": "508153575_1_0",
              "name": "block-by-block (using decodeFrames)",
              "rank": 1,
              "rme": 0.8640901495685662,
              "samples": [],
              "totalTime": 1000.1786619999775,
              "min": 0.4061839999994845,
              "max": 1.7308819999998377,
              "hz": 2019.6391672271502,
              "period": 0.4951379514851374,
              "mean": 0.4951379514851374,
              "variance": 0.00962520008960774,
              "sd": 0.09810810409750939,
              "sem": 0.002182876666101356,
              "df": 2019,
              "critical": 1.96,
              "moe": 0.004278438265558658,
              "p75": 0.5130490000001373,
              "p99": 0.9536170000001221,
              "p995": 1.0372499999998581,
              "p999": 1.2294050000000425,
              "sampleCount": 2020,
              "median": 0.4680084999999963
            },
            {
              "id": "508153575_1_1",
              "name": "block-by-block (using decode)",
              "rank": 2,
              "rme": 2.5483607122023684,
              "samples": [],
              "totalTime": 1001.0659260000102,
              "min": 0.28527699999995093,
              "max": 4.714336000000003,
              "hz": 1774.1089311634225,
              "period": 0.5636632466216274,
              "mean": 0.5636632466216274,
              "variance": 0.09538762952710347,
              "sd": 0.3088488781380037,
              "sem": 0.007328659554096886,
              "df": 1775,
              "critical": 1.96,
              "moe": 0.014364172726029896,
              "p75": 0.5485239999998157,
              "p99": 1.7400920000000042,
              "p995": 3.192451999999321,
              "p999": 4.585449999999582,
              "sampleCount": 1776,
              "median": 0.49922949999972843
            }
          ]
        }
      ]
    }
  ]
}