{
  "files": [
    {
      "filepath": "/home/www/dekzer-oss/decoders/wav-decoder/tests/WavDecoder.bench.ts",
      "groups": [
        {
          "fullName": "tests/WavDecoder.bench.ts > WavDecoder full decode() performance",
          "benchmarks": [
            {
              "id": "508153575_0_0",
              "name": "sine_alaw_8bit_le_mono.wav - decode",
              "rank": 3,
              "rme": 6.320898312004852,
              "samples": [],
              "totalTime": 1000.1742869999941,
              "min": 0.25224999999988995,
              "max": 11.11867899999993,
              "hz": 995.8264403971884,
              "period": 1.0041910512048133,
              "mean": 1.0041910512048133,
              "variance": 1.0445698747901426,
              "sd": 1.0220420122432066,
              "sem": 0.03238464041066777,
              "df": 995,
              "critical": 1.96,
              "moe": 0.06347389520490883,
              "p75": 0.9791520000001128,
              "p99": 4.954030999999986,
              "p995": 8.527844999999957,
              "p999": 11.11867899999993,
              "sampleCount": 996,
              "median": 0.6314060000000268
            },
            {
              "id": "508153575_0_1",
              "name": "sine_pcm_16bit_le_stereo.wav - decode",
              "rank": 1,
              "rme": 2.501973677410562,
              "samples": [],
              "totalTime": 1000.5270179999955,
              "min": 0.21272600000020248,
              "max": 4.126995000000079,
              "hz": 1838.0313244074819,
              "period": 0.5440603686786272,
              "mean": 0.5440603686786272,
              "variance": 0.0887011482870562,
              "sd": 0.2978273800157672,
              "sem": 0.006945024088552097,
              "df": 1838,
              "critical": 1.96,
              "moe": 0.01361224721356211,
              "p75": 0.5146179999999276,
              "p99": 2.1953869999999824,
              "p995": 2.405316999999741,
              "p999": 3.0878380000003744,
              "sampleCount": 1839,
              "median": 0.4717080000000351
            },
            {
              "id": "508153575_0_2",
              "name": "sine_pcm_24bit_be_stereo.wav - decode",
              "rank": 2,
              "rme": 3.6462160270825454,
              "samples": [],
              "totalTime": 1000.0111850000108,
              "min": 0.3194140000000516,
              "max": 4.835469999999987,
              "hz": 1274.9857392844924,
              "period": 0.7843224980392242,
              "mean": 0.7843224980392242,
              "variance": 0.27143895771647225,
              "sd": 0.5209980400313156,
              "sem": 0.01459086358546958,
              "df": 1274,
              "critical": 1.96,
              "moe": 0.028598092627520375,
              "p75": 0.7053630000000339,
              "p99": 3.0051229999999123,
              "p995": 3.7610539999996035,
              "p999": 4.607872999999927,
              "sampleCount": 1275,
              "median": 0.6063890000000356
            }
          ]
        },
        {
          "fullName": "tests/WavDecoder.bench.ts > WavDecoder API comparison under looping conditions",
          "benchmarks": [
            {
              "id": "508153575_1_0",
              "name": "block-by-block (using decodeFrames)",
              "rank": 1,
              "rme": 1.969564788553009,
              "samples": [],
              "totalTime": 1000.3361899999968,
              "min": 0.14915800000017043,
              "max": 3.8442159999995056,
              "hz": 2012.3234769702838,
              "period": 0.49693799801291444,
              "mean": 0.49693799801291444,
              "variance": 0.050196864144318974,
              "sd": 0.22404656691036123,
              "sem": 0.004993630525409497,
              "df": 2012,
              "critical": 1.96,
              "moe": 0.009787515829802614,
              "p75": 0.5013429999999062,
              "p99": 1.2779690000006667,
              "p995": 2.337430999999924,
              "p999": 3.74765699999989,
              "sampleCount": 2013,
              "median": 0.46286200000031386
            },
            {
              "id": "508153575_1_1",
              "name": "block-by-block (using decode)",
              "rank": 2,
              "rme": 1.4742724312302307,
              "samples": [],
              "totalTime": 1000.3448499999977,
              "min": 0.1616809999995894,
              "max": 3.0037720000000263,
              "hz": 1886.349492377558,
              "period": 0.5301244568097497,
              "mean": 0.5301244568097497,
              "variance": 0.03000343144102933,
              "sd": 0.17321498619065653,
              "sem": 0.003987489141813853,
              "df": 1886,
              "critical": 1.96,
              "moe": 0.007815478717955151,
              "p75": 0.5453660000002856,
              "p99": 1.0746909999998024,
              "p995": 1.67203199999949,
              "p999": 2.7240819999997257,
              "sampleCount": 1887,
              "median": 0.49884800000018004
            }
          ]
        }
      ]
    }
  ]
}