{
  "files": [
    {
      "filepath": "/home/www/dekzer-oss/decoders/wav-decoder/tests/WavDecoder.bench.ts",
      "groups": [
        {
          "fullName": "tests/WavDecoder.bench.ts > WavDecoder full decode() performance",
          "benchmarks": [
            {
              "id": "-294586808_0_0",
              "name": "Full decode: sine_alaw_8bit_le_mono.wav",
              "rank": 1,
              "rme": 1.3861870270282743,
              "samples": [],
              "totalTime": 5000.300000015646,
              "min": 0.09999999776482582,
              "max": 2.199999999254942,
              "hz": 2652.4408535404873,
              "period": 0.377011234261905,
              "mean": 0.377011234261905,
              "variance": 0.09429352475694874,
              "sd": 0.3070725073283975,
              "sem": 0.0026663677651927063,
              "df": 13262,
              "critical": 1.96,
              "moe": 0.005226080819777704,
              "p75": 0.4000000022351742,
              "p99": 1.699999999254942,
              "p995": 1.7999999970197678,
              "p999": 2,
              "sampleCount": 13263,
              "median": 0.30000000074505806
            },
            {
              "id": "-294586808_0_1",
              "name": "Full decode: sine_pcm_16bit_le_stereo.wav",
              "rank": 2,
              "rme": 1.4593920043449498,
              "samples": [],
              "totalTime": 5001.500000007451,
              "min": 0,
              "max": 3.2000000029802322,
              "hz": 2428.071578522825,
              "period": 0.41184947299139085,
              "mean": 0.41184947299139085,
              "variance": 0.1142011744080952,
              "sd": 0.3379366425945775,
              "sem": 0.003066580754476108,
              "df": 12143,
              "critical": 1.96,
              "moe": 0.006010498278773172,
              "p75": 0.5,
              "p99": 1.8999999985098839,
              "p995": 2,
              "p999": 2.2000000029802322,
              "sampleCount": 12144,
              "median": 0.30000000074505806
            },
            {
              "id": "-294586808_0_2",
              "name": "Full decode: sine_pcm_24bit_be_stereo.wav",
              "rank": 3,
              "rme": 1.6406816680254805,
              "samples": [],
              "totalTime": 5001.10000000149,
              "min": 0.09999999776482582,
              "max": 4,
              "hz": 1672.8319769645693,
              "period": 0.5977886684199725,
              "mean": 0.5977886684199725,
              "variance": 0.20948345371937813,
              "sd": 0.45769362429400096,
              "sem": 0.00500398423280618,
              "df": 8365,
              "critical": 1.96,
              "moe": 0.009807809096300113,
              "p75": 0.8000000007450581,
              "p99": 1.800000000745058,
              "p995": 2,
              "p999": 2.5,
              "sampleCount": 8366,
              "median": 0.3999999985098839
            }
          ]
        },
        {
          "fullName": "tests/WavDecoder.bench.ts > WavDecoder block processing performance",
          "benchmarks": [
            {
              "id": "-294586808_1_0",
              "name": "Block processing: decodeFrames()",
              "rank": 1,
              "rme": 1.6512804762463922,
              "samples": [],
              "totalTime": 10000.600000005215,
              "min": 0.30000000074505806,
              "max": 4.5,
              "hz": 972.1416714992031,
              "period": 1.0286566550097938,
              "mean": 1.0286566550097938,
              "variance": 0.7301734652742645,
              "sd": 0.8545018813754973,
              "sem": 0.008666329852952005,
              "df": 9721,
              "critical": 1.96,
              "moe": 0.016986006511785928,
              "p75": 0.9000000022351742,
              "p99": 3,
              "p995": 3.100000001490116,
              "p999": 3.600000001490116,
              "sampleCount": 9722,
              "median": 0.5999999977648258
            },
            {
              "id": "-294586808_1_1",
              "name": "Block processing: decode()",
              "rank": 2,
              "rme": 1.6941173840267043,
              "samples": [],
              "totalTime": 10001.100000012666,
              "min": 0.3999999985098839,
              "max": 5.800000000745058,
              "hz": 878.4033756275683,
              "period": 1.1384291405819769,
              "mean": 1.1384291405819769,
              "variance": 0.8506063664105262,
              "sd": 0.9222832354599786,
              "sem": 0.009839962232359733,
              "df": 8784,
              "critical": 1.96,
              "moe": 0.019286325975425078,
              "p75": 1.199999999254942,
              "p99": 3.300000000745058,
              "p995": 3.5,
              "p999": 4.100000001490116,
              "sampleCount": 8785,
              "median": 0.6000000014901161
            }
          ]
        }
      ]
    }
  ]
}