{
  "files": [
    {
      "filepath": "/home/www/dekzer-oss/decoders/wav-decoder/tests/WavDecoder.bench.ts",
      "groups": [
        {
          "fullName": "tests/WavDecoder.bench.ts > WavDecoder full decode() performance",
          "benchmarks": [
            {
              "id": "-294586808_0_0",
              "name": "sine_alaw_8bit_le_mono.wav - decode",
              "rank": 1,
              "rme": 1.2759751615652202,
              "samples": [],
              "totalTime": 5000.5,
              "min": 0.09999999962747097,
              "max": 3.199999999254942,
              "hz": 3023.897610238976,
              "period": 0.33069902784207394,
              "mean": 0.33069902784207394,
              "variance": 0.07008396239062639,
              "sd": 0.26473375755771383,
              "sem": 0.002152876252450263,
              "df": 15120,
              "critical": 1.96,
              "moe": 0.004219637454802516,
              "p75": 0.30000000074505806,
              "p99": 1.699999999254942,
              "p995": 1.900000000372529,
              "p999": 2.299999998882413,
              "sampleCount": 15121,
              "median": 0.2999999988824129
            },
            {
              "id": "-294586808_0_1",
              "name": "sine_pcm_16bit_le_stereo.wav - decode",
              "rank": 2,
              "rme": 1.8682285385867852,
              "samples": [],
              "totalTime": 5000.0999999996275,
              "min": 0,
              "max": 6.099999999627471,
              "hz": 2031.5593688127751,
              "period": 0.4922327229769273,
              "mean": 0.4922327229769273,
              "variance": 0.22361299219754732,
              "sd": 0.47287735428707867,
              "sem": 0.004691853166794789,
              "df": 10157,
              "critical": 1.96,
              "moe": 0.009196032206917787,
              "p75": 0.599999999627471,
              "p99": 2.099999999627471,
              "p995": 2.300000000745058,
              "p999": 2.800000000745058,
              "sampleCount": 10158,
              "median": 0.30000000074505806
            },
            {
              "id": "-294586808_0_2",
              "name": "sine_pcm_24bit_be_stereo.wav - decode",
              "rank": 3,
              "rme": 1.457153226903706,
              "samples": [],
              "totalTime": 5000.399999994785,
              "min": 0.09999999962747097,
              "max": 3.300000000745058,
              "hz": 1789.6568274556703,
              "period": 0.5587663426075299,
              "mean": 0.5587663426075299,
              "variance": 0.15443057447423367,
              "sd": 0.39297655715606455,
              "sem": 0.004154123363345632,
              "df": 8948,
              "critical": 1.96,
              "moe": 0.00814208179215744,
              "p75": 0.7999999988824129,
              "p99": 2,
              "p995": 2.200000001117587,
              "p999": 2.900000000372529,
              "sampleCount": 8949,
              "median": 0.40000000037252903
            }
          ]
        },
        {
          "fullName": "tests/WavDecoder.bench.ts > WavDecoder API comparison under looping conditions",
          "benchmarks": [
            {
              "id": "-294586808_1_0",
              "name": "block-by-block (using decodeFrames)",
              "rank": 1,
              "rme": 1.5479065187808017,
              "samples": [],
              "totalTime": 5000.100000016391,
              "min": 0,
              "max": 5,
              "hz": 4136.117277640888,
              "period": 0.2417726415558431,
              "mean": 0.2417726415558431,
              "variance": 0.07539857906364891,
              "sd": 0.2745880169702402,
              "sem": 0.0019093951424854268,
              "df": 20680,
              "critical": 1.96,
              "moe": 0.0037424144792714367,
              "p75": 0.2000000011175871,
              "p99": 1.5,
              "p995": 1.799999998882413,
              "p999": 2.099999999627471,
              "sampleCount": 20681,
              "median": 0.19999999925494194
            },
            {
              "id": "-294586808_1_1",
              "name": "block-by-block (using decode)",
              "rank": 2,
              "rme": 2.0071315081900005,
              "samples": [],
              "totalTime": 5000.499999992549,
              "min": 0.09999999962747097,
              "max": 4.099999999627471,
              "hz": 1633.8366163408004,
              "period": 0.6120563035486597,
              "mean": 0.6120563035486597,
              "variance": 0.32095512965364353,
              "sd": 0.5665290192511268,
              "sem": 0.006267742304279685,
              "df": 8169,
              "critical": 1.96,
              "moe": 0.012284774916388182,
              "p75": 0.6999999992549419,
              "p99": 2.399999998509884,
              "p995": 2.5,
              "p999": 2.900000000372529,
              "sampleCount": 8170,
              "median": 0.3999999985098839
            }
          ]
        },
        {
          "fullName": "tests/WavDecoder.bench.ts > WavDecoder full file macrobench",
          "benchmarks": [
            {
              "id": "-294586808_2_0",
              "name": "sine_alaw_8bit_le_mono.wav - full decode() macrobench",
              "rank": 1,
              "rme": 4.544002186536,
              "samples": [],
              "totalTime": 500.89999998547137,
              "min": 0,
              "max": 1.5,
              "hz": 6490.31742881672,
              "period": 0.15407566902044645,
              "mean": 0.15407566902044645,
              "variance": 0.041481076119074166,
              "sd": 0.20366903573954034,
              "sem": 0.003572041718984213,
              "df": 3250,
              "critical": 1.96,
              "moe": 0.007001201769209058,
              "p75": 0.19999999925494194,
              "p99": 1.099999999627471,
              "p995": 1.200000001117587,
              "p999": 1.400000000372529,
              "sampleCount": 3251,
              "median": 0.09999999962747097
            },
            {
              "id": "-294586808_2_1",
              "name": "sine_pcm_16bit_le_stereo.wav - full decode() macrobench",
              "rank": 2,
              "rme": 4.545530534106004,
              "samples": [],
              "totalTime": 500.20000000298023,
              "min": 0,
              "max": 1.700000001117587,
              "hz": 6351.459416195664,
              "period": 0.1574441296830281,
              "mean": 0.1574441296830281,
              "variance": 0.042357193421215404,
              "sd": 0.20580863300944255,
              "sem": 0.003651362749438519,
              "df": 3176,
              "critical": 1.96,
              "moe": 0.007156670988899497,
              "p75": 0.19999999925494194,
              "p99": 1.099999999627471,
              "p995": 1.199999999254942,
              "p999": 1.400000000372529,
              "sampleCount": 3177,
              "median": 0.09999999962747097
            },
            {
              "id": "-294586808_2_2",
              "name": "sine_pcm_24bit_be_stereo.wav - full decode() macrobench",
              "rank": 3,
              "rme": 4.6571909574969945,
              "samples": [],
              "totalTime": 500.00000000558794,
              "min": 0,
              "max": 1.900000000372529,
              "hz": 6073.999999932118,
              "period": 0.16463615410128019,
              "mean": 0.16463615410128019,
              "variance": 0.04647625920403479,
              "sd": 0.215583531847947,
              "sem": 0.00391194902121206,
              "df": 3036,
              "critical": 1.96,
              "moe": 0.007667420081575638,
              "p75": 0.19999999925494194,
              "p99": 1.099999999627471,
              "p995": 1.200000001117587,
              "p999": 1.5,
              "sampleCount": 3037,