{
  "files": [
    {
      "filepath": "/home/www/dekzer-oss/decoders/wav-decoder/tests/WasmDecoder.bench.ts",
      "groups": [
        {
          "fullName": "tests/WasmDecoder.bench.ts > WasmDecoder API comparison under looping conditions",
          "benchmarks": [
            {
              "id": "-2120969389_0_0",
              "name": "decode() with looping",
              "rank": 1,
              "rme": 0,
              "samples": []
            }
          ]
        }
      ]
    },
    {
      "filepath": "/home/www/dekzer-oss/decoders/wav-decoder/tests/WavDecoder.bench.ts",
      "groups": [
        {
          "fullName": "tests/WavDecoder.bench.ts > WavDecoder full decode() performance",
          "benchmarks": [
            {
              "id": "-218030873_0_0",
              "name": "sine_alaw_8bit_le_mono.wav - decode",
              "rank": 1,
              "rme": 6.905593707900776,
              "samples": [],
              "totalTime": 1000,
              "min": 1,
              "max": 10,
              "hz": 315,
              "period": 3.1746031746031744,
              "mean": 3.1746031746031744,
              "variance": 3.9407542210090027,
              "sd": 1.9851333005642222,
              "sem": 0.11184959034500769,
              "df": 314,
              "critical": 1.96,
              "moe": 0.21922519707621507,
              "p75": 3,
              "p99": 9,
              "p995": 9,
              "p999": 10,
              "sampleCount": 315,
              "median": 2
            },
            {
              "id": "-218030873_0_1",
              "name": "sine_pcm_16bit_le_stereo.wav - decode",
              "rank": 2,
              "rme": 7.508235269538709,
              "samples": [],
              "totalTime": 1000,
              "min": 1,
              "max": 18,
              "hz": 307,
              "period": 3.257328990228013,
              "mean": 3.257328990228013,
              "variance": 4.779970620169884,
              "sd": 2.1863143918864654,
              "sem": 0.12477955310673917,
              "df": 306,
              "critical": 1.96,
              "moe": 0.24456792408920877,
              "p75": 3,
              "p99": 8,
              "p995": 9,
              "p999": 18,
              "sampleCount": 307,
              "median": 2
            },
            {
              "id": "-218030873_0_2",
              "name": "sine_pcm_24bit_be_stereo.wav - decode",
              "rank": 3,
              "rme": 6.9649926199586405,
              "samples": [],
              "totalTime": 1000,
              "min": 1,
              "max": 12,
              "hz": 307,
              "period": 3.257328990228013,
              "mean": 3.257328990228013,
              "variance": 4.113303953503218,
              "sd": 2.028128189613077,
              "sem": 0.11575138968222165,
              "df": 306,
              "critical": 1.96,
              "moe": 0.22687272377715442,
              "p75": 3,
              "p99": 9,
              "p995": 9,
              "p999": 12,
              "sampleCount": 307,
              "median": 2
            }
          ]
        }
      ]
    }
  ]
}