{
  "files": [
    {
      "filepath": "/home/www/dekzer-oss/decoders/wav-decoder/tests/WavDecoder.bench.ts",
      "groups": [
        {
          "fullName": "tests/WavDecoder.bench.ts > WavDecoder full decode() performance",
          "benchmarks": [
            {
              "id": "-218030873_0_0",
              "name": "sine_alaw_8bit_le_mono.wav - decode",
              "rank": 1,
              "rme": 6.63584221943909,
              "samples": [],
              "totalTime": 1000,
              "min": 1,
              "max": 9,
              "hz": 311,
              "period": 3.215434083601286,
              "mean": 3.215434083601286,
              "variance": 3.6856965045119794,
              "sd": 1.9198167893088078,
              "sem": 0.1088628226825758,
              "df": 310,
              "critical": 1.96,
              "moe": 0.21337113245784856,
              "p75": 3,
              "p99": 9,
              "p995": 9,
              "p999": 9,
              "sampleCount": 311,
              "median": 3
            },
            {
              "id": "-218030873_0_1",
              "name": "sine_pcm_16bit_le_stereo.wav - decode",
              "rank": 3,
              "rme": 8.60667292033394,
              "samples": [],
              "totalTime": 1002,
              "min": 1,
              "max": 26,
              "hz": 235.52894211576847,
              "period": 4.245762711864407,
              "mean": 4.245762711864407,
              "variance": 8.203173458348372,
              "sd": 2.8641182689177436,
              "sem": 0.18643821917534176,
              "df": 235,
              "critical": 1.96,
              "moe": 0.36541890958366985,
              "p75": 4,
              "p99": 11,
              "p995": 18,
              "p999": 26,
              "sampleCount": 236,
              "median": 3
            },
            {
              "id": "-218030873_0_2",
              "name": "sine_pcm_24bit_be_stereo.wav - decode",
              "rank": 2,
              "rme": 6.800023051636492,
              "samples": [],
              "totalTime": 1001,
              "min": 0,
              "max": 10,
              "hz": 281.71828171828173,
              "period": 3.549645390070922,
              "mean": 3.549645390070922,
              "variance": 4.276885994800737,
              "sd": 2.0680633440010334,
              "sem": 0.12315137998784428,
              "df": 281,
              "critical": 1.96,
              "moe": 0.2413767047761748,
              "p75": 3,
              "p99": 9,
              "p995": 10,
              "p999": 10,
              "sampleCount": 282,
              "median": 3
            }
          ]
        },
        {
          "fullName": "tests/WavDecoder.bench.ts > WavDecoder API comparison under looping conditions",
          "benchmarks": [
            {
              "id": "-218030873_1_0",
              "name": "block-by-block (using decode)",
              "rank": 1,
              "rme": 7.213617270081794,
              "samples": [],
              "totalTime": 1004,
              "min": 2,
              "max": 16,
              "hz": 242.03187250996015,
              "period": 4.131687242798354,
              "mean": 4.131687242798354,
              "variance": 5.618950447233282,
              "sd": 2.370432544333055,
              "sem": 0.1520633186185043,
              "df": 242,
              "critical": 1.96,
              "moe": 0.2980441044922684,
              "p75": 4,
              "p99": 11,
              "p995": 12,
              "p999": 16,
              "sampleCount": 243,
              "median": 3
            }
          ]
        }
      ]
    }
  ]
}