{
  "files": [
    {
      "filepath": "/home/www/dekzer-oss/decoders/wav-decoder/tests/WavDecoder.bench.ts",
      "groups": [
        {
          "fullName": "tests/WavDecoder.bench.ts > WavDecoder full decode() performance",
          "benchmarks": [
            {
              "id": "278005979_0_0",
              "name": "Full decode: sine_alaw_8bit_le_mono.wav",
              "rank": 2,
              "rme": 3.2547024135539053,
              "samples": [],
              "totalTime": 5004,
              "min": 1,
              "max": 15,
              "hz": 300.7593924860112,
              "period": 3.3249169435215946,
              "mean": 3.3249169435215946,
              "variance": 4.587842828868318,
              "sd": 2.141925028769289,
              "sem": 0.05521232245380617,
              "df": 1504,
              "critical": 1.96,
              "moe": 0.10821615200946008,
              "p75": 3,
              "p99": 9,
              "p995": 10,
              "p999": 13,
              "sampleCount": 1505,
              "median": 3
            },
            {
              "id": "278005979_0_1",
              "name": "Full decode: sine_pcm_16bit_le_stereo.wav",
              "rank": 3,
              "rme": 3.144801700883963,
              "samples": [],
              "totalTime": 5000,
              "min": 1,
              "max": 13,
              "hz": 296.8,
              "period": 3.3692722371967654,
              "mean": 3.3692722371967654,
              "variance": 4.336910865823447,
              "sd": 2.082525117693289,
              "sem": 0.054059658481007675,
              "df": 1483,
              "critical": 1.96,
              "moe": 0.10595693062277504,
              "p75": 3,
              "p99": 9,
              "p995": 9,
              "p999": 13,
              "sampleCount": 1484,
              "median": 3
            },
            {
              "id": "278005979_0_2",
              "name": "Full decode: sine_pcm_24bit_be_stereo.wav",
              "rank": 1,
              "rme": 3.3825641765057486,
              "samples": [],
              "totalTime": 5000,
              "min": 0,
              "max": 16,
              "hz": 311.2,
              "period": 3.2133676092544987,
              "mean": 3.2133676092544987,
              "variance": 4.785313153522491,
              "sd": 2.1875358633682995,
              "sem": 0.05545623551534791,
              "df": 1555,
              "critical": 1.96,
              "moe": 0.1086942216100819,
              "p75": 3,
              "p99": 9,
              "p995": 10,
              "p999": 14,
              "sampleCount": 1556,
              "median": 2
            }
          ]
        },
        {
          "fullName": "tests/WavDecoder.bench.ts > WavDecoder block processing performance",
          "benchmarks": [
            {
              "id": "278005979_1_0",
              "name": "Block processing: decodeFrames()",
              "rank": 2,
              "rme": 2.0466075734454856,
              "samples": [],
              "totalTime": 10000,
              "min": 1,
              "max": 16,
              "hz": 304.3,
              "period": 3.286230693394676,
              "mean": 3.286230693394676,
              "variance": 3.58306806905103,
              "sd": 1.8928993816500206,
              "sem": 0.034314411353013025,
              "df": 3042,
              "critical": 1.96,
              "moe": 0.06725624625190553,
              "p75": 3,
              "p99": 9,
              "p995": 9,
              "p999": 13,
              "sampleCount": 3043,
              "median": 3
            },
            {
              "id": "278005979_1_1",
              "name": "Block processing: decode()",
              "rank": 1,
              "rme": 2.1710844650629966,
              "samples": [],
              "totalTime": 10000,
              "min": 1,
              "max": 18,
              "hz": 307.9,
              "period": 3.247807729782397,
              "mean": 3.247807729782397,
              "variance": 3.98503011766597,
              "sd": 1.9962540213274387,
              "sem": 0.03597584136552082,
              "df": 3078,
              "critical": 1.96,
              "moe": 0.07051264907642081,
              "p75": 3,
              "p99": 9,
              "p995": 9,
              "p999": 13,
              "sampleCount": 3079,
              "median": 3
            }
          ]
        }
      ]
    }
  ]
}