{
  "files": [
    {
      "filepath": "/home/www/dekzer-oss/decoders/wav-decoder/tests/WasmDecoder.bench.ts",
      "groups": [
        {
          "fullName": "tests/WasmDecoder.bench.ts > WasmDecoder API comparison under looping conditions",
          "benchmarks": [
            {
              "id": "-691501_0_0",
              "name": "decode() with looping",
              "rank": 1,
              "rme": 0,
              "samples": []
            }
          ]
        }
      ]
    },
    {
      "filepath": "/home/www/dekzer-oss/decoders/wav-decoder/tests/WavDecoder.bench.ts",
      "groups": [
        {
          "fullName": "tests/WavDecoder.bench.ts > WavDecoder full decode() performance",
          "benchmarks": [
            {
              "id": "1902247015_0_0",
              "name": "sine_alaw_8bit_le_mono.wav - decode",
              "rank": 2,
              "rme": 2.001883790160052,
              "samples": [],
              "totalTime": 1000.1000000000931,
              "min": 0.09999999997671694,
              "max": 2,
              "hz": 3189.6810318965136,
              "period": 0.31351097178686305,
              "mean": 0.31351097178686305,
              "variance": 0.03270858485952471,
              "sd": 0.18085514883332657,
              "sem": 0.003202104757435951,
              "df": 3189,
              "critical": 1.96,
              "moe": 0.006276125324574464,
              "p75": 0.40000000002328306,
              "p99": 1.3000000000465661,
              "p995": 1.5,
              "p999": 1.6999999999534339,
              "sampleCount": 3190,
              "median": 0.2999999999301508
            },
            {
              "id": "1902247015_0_1",
              "name": "sine_pcm_16bit_le_stereo.wav - decode",
              "rank": 1,
              "rme": 1.98701344486299,
              "samples": [],
              "totalTime": 1000,
              "min": 0,
              "max": 1.599999999976717,
              "hz": 3995.9999999999995,
              "period": 0.2502502502502503,
              "mean": 0.2502502502502503,
              "variance": 0.025719586921276013,
              "sd": 0.16037327371253607,
              "sem": 0.002536992917487628,
              "df": 3995,
              "critical": 1.96,
              "moe": 0.004972506118275751,
              "p75": 0.39999999990686774,
              "p99": 0.6999999999534339,
              "p995": 0.7000000000698492,
              "p999": 0.9000000000232831,
              "sampleCount": 3996,
              "median": 0.19999999995343387
            },
            {
              "id": "1902247015_0_2",
              "name": "sine_pcm_24bit_be_stereo.wav - decode",
              "rank": 3,
              "rme": 1.9965199701747525,
              "samples": [],
              "totalTime": 1000.0999999996275,
              "min": 0.09999999997671694,
              "max": 2.5,
              "hz": 2462.7537246284546,
              "period": 0.4060495330895767,
              "mean": 0.4060495330895767,
              "variance": 0.04213641834133521,
              "sd": 0.20527157217046693,
              "sem": 0.004136153069864663,
              "df": 2462,
              "critical": 1.96,
              "moe": 0.008106860016934739,
              "p75": 0.5,
              "p99": 0.9000000000232831,
              "p995": 1.1000000000931323,
              "p999": 2.200000000069849,
              "sampleCount": 2463,
              "median": 0.30000000004656613
            }
          ]
        }
      ]
    }
  ]
}