{
  "files": [
    {
      "filepath": "/home/www/dekzer-oss/decoders/wav-decoder/tests/WavDecoder.bench.ts",
      "groups": [
        {
          "fullName": "tests/WavDecoder.bench.ts > WavDecoder full decode() performance",
          "benchmarks": [
            {
              "id": "-294586808_0_0",
              "name": "sine_alaw_8bit_le_mono.wav - decode",
              "rank": 1,
              "rme": 1.1842212014647902,
              "samples": [],
              "totalTime": 5000.200000019744,
              "min": 0.09999999962747097,
              "max": 3.599999999627471,
              "hz": 2797.0881164642965,
              "period": 0.3575146575160692,
              "mean": 0.3575146575160692,
              "variance": 0.0652581486966228,
              "sd": 0.25545674525567497,
              "sem": 0.002160083863596696,
              "df": 13985,
              "critical": 1.96,
              "moe": 0.004233764372649524,
              "p75": 0.40000000037252903,
              "p99": 1.699999999254942,
              "p995": 1.800000000745058,
              "p999": 2.100000001490116,
              "sampleCount": 13986,
              "median": 0.30000000074505806
            },
            {
              "id": "-294586808_0_1",
              "name": "sine_pcm_16bit_le_stereo.wav - decode",
              "rank": 2,
              "rme": 1.5541519430626223,
              "samples": [],
              "totalTime": 5000.000000003725,
              "min": 0,
              "max": 3.400000000372529,
              "hz": 2461.399999998166,
              "period": 0.4062728528482754,
              "mean": 0.4062728528482754,
              "variance": 0.12772109016954192,
              "sd": 0.35738087549495695,
              "sem": 0.003221478284019092,
              "df": 12306,
              "critical": 1.96,
              "moe": 0.00631409743667742,
              "p75": 0.599999999627471,
              "p99": 1.699999999254942,
              "p995": 1.800000000745058,
              "p999": 2.099999999627471,
              "sampleCount": 12307,
              "median": 0.2000000011175871
            },
            {
              "id": "-294586808_0_2",
              "name": "sine_pcm_24bit_be_stereo.wav - decode",
              "rank": 3,
              "rme": 1.5580841557523983,
              "samples": [],
              "totalTime": 5000.0999999996275,
              "min": 0.09999999962747097,
              "max": 3.299999998882413,
              "hz": 1776.5644687107583,
              "period": 0.5628841607564592,
              "mean": 0.5628841607564592,
              "variance": 0.1778555401599801,
              "sd": 0.42172922611550184,
              "sem": 0.004474596389788903,
              "df": 8882,
              "critical": 1.96,
              "moe": 0.00877020892398625,
              "p75": 0.7000000011175871,
              "p99": 1.8999999985098839,
              "p995": 2,
              "p999": 2.5,
              "sampleCount": 8883,
              "median": 0.3999999985098839
            }
          ]
        },
        {
          "fullName": "tests/WavDecoder.bench.ts > WavDecoder API comparison under looping conditions",
          "benchmarks": [
            {
              "id": "-294586808_1_0",
              "name": "block-by-block (using decodeFrames)",
              "rank": 1,
              "rme": 1.2630192337154522,
              "samples": [],
              "totalTime": 5000.000000020489,
              "min": 0,
              "max": 2.5,
              "hz": 4829.599999980209,
              "period": 0.20705648500995896,
              "mean": 0.20705648500995896,
              "variance": 0.04298991903408654,
              "sd": 0.20734010474118736,
              "sem": 0.0013342669542504766,
              "df": 24147,
              "critical": 1.96,
              "moe": 0.0026151632303309342,
              "p75": 0.2000000011175871,
              "p99": 1.5,
              "p995": 1.699999999254942,
              "p999": 2,
              "sampleCount": 24148,
              "median": 0.19999999925494194
            },
            {
              "id": "-294586808_1_1",
              "name": "block-by-block (using decode)",
              "rank": 2,
              "rme": 1.9037203030825751,
              "samples": [],
              "totalTime": 5000.199999989942,
              "min": 0.09999999962747097,
              "max": 3.399999998509884,
              "hz": 1557.5376984951934,
              "period": 0.6420390344106243,
              "mean": 0.6420390344106243,
              "variance": 0.30286071917303264,
              "sd": 0.5503278288193617,
              "sem": 0.006236034414178762,
              "df": 7787,
              "critical": 1.96,
              "moe": 0.012222627451790374,
              "p75": 0.900000000372529,
              "p99": 2.099999999627471,
              "p995": 2.299999998882413,
              "p999": 2.699999999254942,
              "sampleCount": 7788,
              "median": 0.30000000074505806
            }
          ]
        },
        {
          "fullName": "tests/WavDecoder.bench.ts > WavDecoder full file macrobench",
          "benchmarks": [
            {
              "id": "-294586808_2_0",
              "name": "sine_alaw_8bit_le_mono.wav - full decode() macrobench",
              "rank": 1,
              "rme": 3.5919561578910026,
              "samples": [],
              "totalTime": 500.19999999552965,
              "min": 0,
              "max": 1.400000000372529,
              "hz": 10677.728908532054,
              "period": 0.09365287399279716,
              "mean": 0.09365287399279716,
              "variance": 0.01573311468689732,
              "sd": 0.125431713242295,
              "sem": 0.0017163113134827444,
              "df": 5340,
              "critical": 1.96,
              "moe": 0.0033639701744261788,
              "p75": 0.10000000149011612,
              "p99": 0.7999999988824129,
              "p995": 1,
              "p999": 1.199999999254942,
              "sampleCount": 5341,
              "median": 0.09999999962747097
            },
            {
              "id": "-294586808_2_1",
              "name": "sine_pcm_16bit_le_stereo.wav - full decode() macrobench",
              "rank": 2,
              "rme": 3.7049347993416566,
              "samples": [],
              "totalTime": 500.29999999143183,
              "min": 0,
              "max": 1.5,
              "hz": 10211.872876449126,
              "period": 0.09792522998462161,
              "mean": 0.09792522998462161,
              "variance": 0.017505483055166318,
              "sd": 0.13230828793075028,
              "sem": 0.0018510540423651003,
              "df": 5108,
              "critical": 1.96,
              "moe": 0.0036280659230355965,
              "p75": 0.10000000149011612,
              "p99": 0.8000000007450581,
              "p995": 0.900000000372529,
              "p999": 1.099999999627471,
              "sampleCount": 5109,
              "median": 0.09999999962747097
            },
            {
              "id": "-294586808_2_2",
              "name": "sine_pcm_24bit_be_stereo.wav - full decode() macrobench",
              "rank": 3,
              "rme": 3.7245269679771598,
              "samples": [],
              "totalTime": 500.09999999403954,
              "min": 0,
              "max": 1.299999998882413,
              "hz": 10111.977604599624,
              "period": 0.09889262408424748,
              "mean": 0.09889262408424748,
              "variance": 0.01785874183284481,
              "sd": 0.13363660364153532,
              "sem": 0.001879225741509221,
              "df": 5056,
              "critical": 1.96,
              "moe": 0.0036832824533580733,
              "p75": 0.10000000149011612,
              "p99": 0.900000000372529,
              "p995": 0.900000000372529,
              "p999": 1.1000000014901161,
              "sampleCount": 5057,