{
  "files": [
    {
      "filepath": "/home/www/dekzer-oss/wav-decoder/tests/WavDecoder.bench.ts",
      "groups": [
        {
          "fullName": "tests/WavDecoder.bench.ts > WavDecoder full decode() performance",
          "benchmarks": [
            {
              "id": "508153575_0_0",
              "name": "sine_alaw_8bit_le_mono.wav - decode",
              "rank": 2,
              "rme": 5.417714161442582,
              "samples": [],
              "totalTime": 500.129748,
              "min": 0.2848799999999301,
              "max": 4.150072000000023,
              "hz": 1095.7156661674921,
              "period": 0.9126455255474453,
              "mean": 0.9126455255474453,
              "variance": 0.3487424782690501,
              "sd": 0.5905442221113082,
              "sem": 0.025226798919059195,
              "df": 547,
              "critical": 1.96,
              "moe": 0.04944452588135602,
              "p75": 0.9329970000000003,
              "p99": 2.71345000000008,
              "p995": 3.669721999999979,
              "p999": 4.150072000000023,
              "sampleCount": 548,
              "median": 0.6406065000000467
            },
            {
              "id": "508153575_0_1",
              "name": "sine_pcm_16bit_le_stereo.wav - decode",
              "rank": 1,
              "rme": 8.18671456531201,
              "samples": [],
              "totalTime": 501.2310919999952,
              "min": 0.15291999999999462,
              "max": 15.939746000000014,
              "hz": 1205.0329870598007,
              "period": 0.8298528013244953,
              "mean": 0.8298528013244953,
              "variance": 0.7256817848248844,
              "sd": 0.8518695820516685,
              "sem": 0.034662081712592954,
              "df": 603,
              "critical": 1.96,
              "moe": 0.0679376801566822,
              "p75": 0.8359390000000531,
              "p99": 2.9589310000001205,
              "p995": 4.156553000000031,
              "p999": 15.939746000000014,
              "sampleCount": 604,
              "median": 0.6541780000000017
            },
            {
              "id": "508153575_0_2",
              "name": "sine_pcm_24bit_be_stereo.wav - decode",
              "rank": 3,
              "rme": 5.755486736463132,
              "samples": [],
              "totalTime": 500.53048300000114,
              "min": 0.34973599999989347,
              "max": 6.403483999999935,
              "hz": 1020.91684194187,
              "period": 0.979511708414875,
              "mean": 0.979511708414875,
              "variance": 0.42275829286155925,
              "sd": 0.6501986564593618,
              "sem": 0.02876309513261304,
              "df": 510,
              "critical": 1.96,
              "moe": 0.05637566645992156,
              "p75": 1.050521000000117,
              "p99": 3.206034000000045,
              "p995": 3.84408899999994,
              "p999": 6.403483999999935,
              "sampleCount": 511,
              "median": 0.7207190000001447
            }
          ]
        },
        {
          "fullName": "tests/WavDecoder.bench.ts > WavDecoder API comparison under looping conditions",
          "benchmarks": [
            {
              "id": "508153575_1_0",
              "name": "block-by-block (using decodeFrames)",
              "rank": 1,
              "rme": 0.6613427210110263,
              "samples": [],
              "totalTime": 500.12849299999607,
              "min": 0.38439599999992424,
              "max": 0.9540239999996629,
              "hz": 2309.406514857391,
              "period": 0.43301168225107883,
              "mean": 0.43301168225107883,
              "variance": 0.0024655977443156286,
              "sd": 0.04965478571412456,
              "sem": 0.0014610669600484203,
              "df": 1154,
              "critical": 1.96,
              "moe": 0.002863691241694904,
              "p75": 0.44466700000020865,
              "p99": 0.6137659999999414,
              "p995": 0.7458029999997962,
              "p999": 0.9183829999997215,
              "sampleCount": 1155,
              "median": 0.41725899999983085
            },
            {
              "id": "508153575_1_1",
              "name": "block-by-block (using decode)",
              "rank": 2,
              "rme": 2.340910147329266,
              "samples": [],
              "totalTime": 500.25962100000424,
              "min": 0.1622219999999288,
              "max": 4.198917000000165,
              "hz": 2030.945447823764,
              "period": 0.49238151673228764,
              "mean": 0.49238151673228764,
              "variance": 0.03513617951085077,
              "sd": 0.18744647105467407,
              "sem": 0.005880718820795852,
              "df": 1015,
              "critical": 1.96,
              "moe": 0.01152620888875987,
              "p75": 0.4869520000002012,
              "p99": 1.3236520000000382,
              "p995": 1.4334600000001956,
              "p999": 1.9637350000002698,
              "sampleCount": 1016,
              "median": 0.4450360000000728
            }
          ]
        }
      ]
    }
  ]
}