{
  "files": [
    {
      "filepath": "/home/www/dekzer-oss/decoders/wav-decoder/tests/WavDecoder.bench.ts",
      "groups": [
        {
          "fullName": "tests/WavDecoder.bench.ts > WavDecoder full decode() performance",
          "benchmarks": [
            {
              "id": "1902247015_0_0",
              "name": "sine_alaw_8bit_le_mono.wav - decode",
              "rank": 1,
              "rme": 3.0665128103836143,
              "samples": [],
              "totalTime": 1000.1000000033528,
              "min": 0,
              "max": 3.399999998509884,
              "hz": 3406.6593340551726,
              "period": 0.2935427061941159,
              "mean": 0.2935427061941159,
              "variance": 0.07186081607186204,
              "sd": 0.26806867790150724,
              "sem": 0.00459261463744352,
              "df": 3406,
              "critical": 1.96,
              "moe": 0.0090015246893893,
              "p75": 0.30000000074505806,
              "p99": 1.699999999254942,
              "p995": 1.799999998882413,
              "p999": 2.300000000745058,
              "sampleCount": 3407,
              "median": 0.2000000011175871
            },
            {
              "id": "1902247015_0_1",
              "name": "sine_pcm_16bit_le_stereo.wav - decode",
              "rank": 2,
              "rme": 3.122104537454667,
              "samples": [],
              "totalTime": 1000.1000000089407,
              "min": 0,
              "max": 3.5,
              "hz": 2891.710828891257,
              "period": 0.3458160442631192,
              "mean": 0.3458160442631192,
              "variance": 0.08775488554749819,
              "sd": 0.2962345110676644,
              "sem": 0.005508540004686267,
              "df": 2891,
              "critical": 1.96,
              "moe": 0.010796738409185084,
              "p75": 0.5,
              "p99": 1.599999999627471,
              "p995": 1.8999999985098839,
              "p999": 2.5,
              "sampleCount": 2892,
              "median": 0.2000000011175871
            },
            {
              "id": "1902247015_0_2",
              "name": "sine_pcm_24bit_be_stereo.wav - decode",
              "rank": 3,
              "rme": 2.9636717862433253,
              "samples": [],
              "totalTime": 1000.4000000022352,
              "min": 0.09999999962747097,
              "max": 2.600000001490116,
              "hz": 1828.268692518906,
              "period": 0.5469655549492811,
              "mean": 0.5469655549492811,
              "variance": 0.12510703438327417,
              "sd": 0.35370472768012895,
              "sem": 0.008270542771684224,
              "df": 1828,
              "critical": 1.96,
              "moe": 0.016210263832501078,
              "p75": 0.7999999988824129,
              "p99": 1.599999999627471,
              "p995": 1.599999999627471,
              "p999": 2.299999998882413,
              "sampleCount": 1829,
              "median": 0.40000000037252903
            }
          ]
        },
        {
          "fullName": "tests/WavDecoder.bench.ts > WavDecoder API comparison under looping conditions",
          "benchmarks": [
            {
              "id": "1902247015_1_0",
              "name": "block-by-block (using decode)",
              "rank": 1,
              "rme": 4.03908212239786,
              "samples": [],
              "totalTime": 1000.3000000007451,
              "min": 0.2999999988824129,
              "max": 3.5,
              "hz": 1272.6182145346916,
              "period": 0.7857816182252514,
              "mean": 0.7857816182252514,
              "variance": 0.33379925101599534,
              "sd": 0.5777536248402041,
              "sem": 0.016193043297359558,
              "df": 1272,
              "critical": 1.96,
              "moe": 0.03173836486282473,
              "p75": 0.7999999988824129,
              "p99": 2.799999998882413,
              "p995": 3,
              "p999": 3.400000000372529,
              "sampleCount": 1273,
              "median": 0.599999999627471
            }
          ]
        }
      ]
    }
  ]
}