{
  "files": [
    {
      "filepath": "/home/www/dekzer-oss/wav-decoder/tests/WavDecoder.bench.ts",
      "groups": [
        {
          "fullName": "tests/WavDecoder.bench.ts > WavDecoder full decode() performance",
          "benchmarks": [
            {
              "id": "-294586808_0_0",
              "name": "sine_alaw_8bit_le_mono.wav - decode",
              "rank": 2,
              "rme": 4.208476671236558,
              "samples": [],
              "totalTime": 1000.6999999843538,
              "min": 0.09999999962747097,
              "max": 4,
              "hz": 1720.7954432166723,
              "period": 0.5811265969711694,
              "mean": 0.5811265969711694,
              "variance": 0.2681095958094156,
              "sd": 0.51779300478996,
              "sem": 0.012477845542797223,
              "df": 1721,
              "critical": 1.96,
              "moe": 0.02445657726388256,
              "p75": 0.599999999627471,
              "p99": 2.5,
              "p995": 2.699999999254942,
              "p999": 3.900000000372529,
              "sampleCount": 1722,
              "median": 0.40000000037252903
            },
            {
              "id": "-294586808_0_1",
              "name": "sine_pcm_16bit_le_stereo.wav - decode",
              "rank": 1,
              "rme": 2.9090681764874766,
              "samples": [],
              "totalTime": 1000.5000000111759,
              "min": 0.09999999962747097,
              "max": 3.799999998882413,
              "hz": 2358.8205896787986,
              "period": 0.42394067797083723,
              "mean": 0.42394067797083723,
              "variance": 0.09343677476552725,
              "sd": 0.30567429523191386,
              "sem": 0.0062922057908341225,
              "df": 2359,
              "critical": 1.96,
              "moe": 0.01233272335003488,
              "p75": 0.599999999627471,
              "p99": 1.199999999254942,
              "p995": 2.399999998509884,
              "p999": 3.200000001117587,
              "sampleCount": 2360,
              "median": 0.30000000074505806
            },
            {
              "id": "-294586808_0_2",
              "name": "sine_pcm_24bit_be_stereo.wav - decode",
              "rank": 3,
              "rme": 3.6769075962415076,
              "samples": [],
              "totalTime": 1000.199999993667,
              "min": 0.2999999988824129,
              "max": 8.5,
              "hz": 1233.7532493579417,
              "period": 0.8105348460240414,
              "mean": 0.8105348460240414,
              "variance": 0.2853066074512976,
              "sd": 0.5341409995977632,
              "sem": 0.01520541700185836,
              "df": 1233,
              "critical": 1.96,
              "moe": 0.029802617323642384,
              "p75": 1,
              "p99": 2.5,
              "p995": 3.400000000372529,
              "p999": 7.399999998509884,
              "sampleCount": 1234,
              "median": 0.6999999992549419
            }
          ]
        },
        {
          "fullName": "tests/WavDecoder.bench.ts > WavDecoder API comparison under looping conditions",
          "benchmarks": [
            {
              "id": "-294586808_1_0",
              "name": "block-by-block (using decodeFrames)",
              "rank": 1,
              "rme": 2.1594193720399733,
              "samples": [],
              "totalTime": 1000.1000000014901,
              "min": 0,
              "max": 2.900000000372529,
              "hz": 5700.429956995806,
              "period": 0.1754253639714945,
              "mean": 0.1754253639714945,
              "variance": 0.02129598131157492,
              "sd": 0.14593142674412157,
              "sem": 0.0019327394352408594,
              "df": 5700,
              "critical": 1.96,
              "moe": 0.0037881692930720845,
              "p75": 0.2000000011175871,
              "p99": 0.5,
              "p995": 1.199999999254942,
              "p999": 1.799999998882413,
              "sampleCount": 5701,
              "median": 0.19999999925494194
            },
            {
              "id": "-294586808_1_1",
              "name": "block-by-block (using decode)",
              "rank": 2,
              "rme": 2.2563992912418436,
              "samples": [],
              "totalTime": 1000.0000000018626,
              "min": 0.09999999962747097,
              "max": 4.799999998882413,
              "hz": 2754.9999999948686,
              "period": 0.3629764065342514,
              "mean": 0.3629764065342514,
              "variance": 0.04810587997529443,
              "sd": 0.21933052677476164,
              "sem": 0.004178671971639776,
              "df": 2754,
              "critical": 1.96,
              "moe": 0.00819019706441396,
              "p75": 0.5,
              "p99": 0.900000000372529,
              "p995": 1.099999999627471,
              "p999": 1.900000000372529,
              "sampleCount": 2755,
              "median": 0.30000000074505806
            }
          ]
        }
      ]
    },
    {
      "filepath": "/home/www/dekzer-oss/wav-decoder/tests/WavDecoder.bench.ts",
      "groups": [
        {
          "fullName": "tests/WavDecoder.bench.ts > WavDecoder full decode() performance",
          "benchmarks": [
            {
              "id": "278005979_0_0",
              "name": "sine_alaw_8bit_le_mono.wav - decode",
              "rank": 2,
              "rme": 8.14673041877102,
              "samples": [],
              "totalTime": 1000,
              "min": 2,
              "max": 27,
              "hz": 187,
              "period": 5.347593582887701,
              "mean": 5.347593582887701,
              "variance": 9.238744178023115,
              "sd": 3.0395302561453663,
              "sem": 0.22227246586191804,
              "df": 186,
              "critical": 1.96,
              "moe": 0.43565403308935935,
              "p75": 5,
              "p99": 16,
              "p995": 27,
              "p999": 27,
              "sampleCount": 187,
              "median": 5
            },
            {
              "id": "278005979_0_1",
              "name": "sine_pcm_16bit_le_stereo.wav - decode",
              "rank": 3,
              "rme": 7.378155682842305,
              "samples": [],
              "totalTime": 1001,
              "min": 2,
              "max": 15,
              "hz": 175.82417582417582,
              "period": 5.6875,
              "mean": 5.6875,
              "variance": 8.0675,
              "sd": 2.8403344873447565,
              "sem": 0.2140982675824776,
              "df": 175,
              "critical": 1.96,
              "moe": 0.41963260446165607,
              "p75": 6,
              "p99": 13,
              "p995": 15,
              "p999": 15,
              "sampleCount": 176,
              "median": 5
            },
            {
              "id": "278005979_0_2",
              "name": "sine_pcm_24bit_be_stereo.wav - decode",
              "rank": 1,
              "rme": 6.677138161954958,
              "samples": [],
              "totalTime": 1002,
              "min": 2,
              "max": 17,
              "hz": 210.57884231536926,
              "period": 4.748815165876778,
              "mean": 4.748815165876778,
              "variance": 5.522320018054622,
              "sd": 2.3499617056570563,
              "sem": 0.1617780355517668,
              "df": 210,
              "critical": 1.96,
              "moe": 0.31708494968146295,
              "p75": 5,
              "p99": 11,
              "p995": 11,
              "p999": 17,
              "sampleCount": 211,
              "median": 4
            }
          ]
        },
        {
          "fullName": "tests/WavDecoder.bench.ts > WavDecoder API comparison under looping conditions",
          "benchmarks": [
            {
              "id": "278005979_1_0",
              "name": "block-by-block (using decodeFrames)",
              "rank": 1,