{
  "files": [
    {
      "filepath": "/home/www/dekzer-oss/decoders/wav-decoder/tests/WavDecoder.bench.ts",
      "groups": [
        {
          "fullName": "tests/WavDecoder.bench.ts > WavDecoder full decode() performance",
          "benchmarks": [
            {
              "id": "-294586808_0_0",
              "name": "sine_alaw_8bit_le_mono.wav - decode",
              "rank": 1,
              "rme": 1.27694536224822,
              "samples": [],
              "totalTime": 5000.100000005215,
              "min": 0.09999999776482582,
              "max": 8.5,
              "hz": 2664.946701063199,
              "period": 0.3752420262668079,
              "mean": 0.3752420262668079,
              "variance": 0.07963842274136489,
              "sd": 0.2822028042762242,
              "sem": 0.0024447120671531896,
              "df": 13324,
              "critical": 1.96,
              "moe": 0.0047916356516202515,
              "p75": 0.4000000022351742,
              "p99": 1.800000000745058,
              "p995": 1.9000000022351742,
              "p999": 2.300000000745058,
              "sampleCount": 13325,
              "median": 0.30000000074505806
            },
            {
              "id": "-294586808_0_1",
              "name": "sine_pcm_16bit_le_stereo.wav - decode",
              "rank": 2,
              "rme": 1.981964964465211,
              "samples": [],
              "totalTime": 5000.199999999255,
              "min": 0.09999999776482582,
              "max": 6,
              "hz": 1736.1305547780676,
              "period": 0.5759935491301987,
              "mean": 0.5759935491301987,
              "variance": 0.29449966075231543,
              "sd": 0.5426782294807075,
              "sem": 0.005824484868030741,
              "df": 8680,
              "critical": 1.96,
              "moe": 0.011415990341340252,
              "p75": 0.7999999970197678,
              "p99": 2.2000000029802322,
              "p995": 2.599999997764826,
              "p999": 3.699999999254942,
              "sampleCount": 8681,
              "median": 0.30000000074505806
            },
            {
              "id": "-294586808_0_2",
              "name": "sine_pcm_24bit_be_stereo.wav - decode",
              "rank": 3,
              "rme": 1.7022250471842038,
              "samples": [],
              "totalTime": 5000.399999961257,
              "min": 0.09999999776482582,
              "max": 4.300000000745058,
              "hz": 1574.0740740862698,
              "period": 0.6352941176421366,
              "mean": 0.6352941176421366,
              "variance": 0.23960804246478817,
              "sd": 0.48949774510694954,
              "sem": 0.005517416119281801,
              "df": 7870,
              "critical": 1.96,
              "moe": 0.01081413559379233,
              "p75": 0.8000000007450581,
              "p99": 2.100000001490116,
              "p995": 2.199999999254942,
              "p999": 3.199999999254942,
              "sampleCount": 7871,
              "median": 0.3999999985098839
            }
          ]
        },
        {
          "fullName": "tests/WavDecoder.bench.ts > WavDecoder API comparison under looping conditions",
          "benchmarks": [
            {
              "id": "-294586808_1_0",
              "name": "block-by-block (using decodeFrames)",
              "rank": 1,
              "rme": 1.5033358768306502,
              "samples": [],
              "totalTime": 5000.29999999702,
              "min": 0.29999999701976776,
              "max": 3.800000000745058,
              "hz": 1245.3252804839133,
              "period": 0.8030030512280424,
              "mean": 0.8030030512280424,
              "variance": 0.23621809234143462,
              "sd": 0.4860227282148795,
              "sem": 0.0061590984495693704,
              "df": 6226,
              "critical": 1.96,
              "moe": 0.012071832961155967,
              "p75": 1.1000000014901161,
              "p99": 2.099999997764826,
              "p995": 2.199999999254942,
              "p999": 2.899999998509884,
              "sampleCount": 6227,
              "median": 0.5
            },
            {
              "id": "-294586808_1_1",
              "name": "block-by-block (using decode)",
              "rank": 2,
              "rme": 1.5617704484462767,
              "samples": [],
              "totalTime": 5000.599999979138,
              "min": 0.3999999985098839,
              "max": 3.899999998509884,
              "hz": 1060.8726952809925,
              "period": 0.94262016964734,
              "mean": 0.94262016964734,
              "variance": 0.29928234907315915,
              "sd": 0.5470670425762817,
              "sem": 0.007511001658493018,
              "df": 5304,
              "critical": 1.96,
              "moe": 0.014721563250646314,
              "p75": 1.2000000029802322,
              "p99": 2.399999998509884,
              "p995": 2.599999997764826,
              "p999": 3.400000002235174,
              "sampleCount": 5305,
              "median": 0.6000000014901161
            }
          ]
        },
        {
          "fullName": "tests/WavDecoder.bench.ts > WavDecoder full file macrobench",
          "benchmarks": [
            {
              "id": "-294586808_2_0",
              "name": "sine_alaw_8bit_le_mono.wav - full decode() macrobench",
              "rank": 1,
              "rme": 3.5195943272387558,
              "samples": [],
              "totalTime": 500.0000000074506,
              "min": 0,
              "max": 1.4000000022351742,
              "hz": 9749.999999854714,
              "period": 0.1025641025656309,
              "mean": 0.1025641025656309,
              "variance": 0.016536304622940774,
              "sd": 0.12859356369173683,
              "sem": 0.001841755273307798,
              "df": 4874,
              "critical": 1.96,
              "moe": 0.003609840335683284,
              "p75": 0.10000000149011612,
              "p99": 0.8000000007450581,
              "p995": 1,
              "p999": 1.2999999970197678,
              "sampleCount": 4875,
              "median": 0.09999999776482582
            },
            {
              "id": "-294586808_2_1",
              "name": "sine_pcm_16bit_le_stereo.wav - full decode() macrobench",
              "rank": 2,
              "rme": 3.620715905838381,
              "samples": [],
              "totalTime": 500.10000002011657,
              "min": 0,
              "max": 1.8999999985098839,
              "hz": 9632.073584895492,
              "period": 0.10381980486197147,
              "mean": 0.10381980486197147,
              "variance": 0.017717964200615336,
              "sd": 0.13310884343504506,
              "sem": 0.001917867442881515,
              "df": 4816,
              "critical": 1.96,
              "moe": 0.0037590201880477693,
              "p75": 0.10000000149011612,
              "p99": 0.8000000007450581,
              "p995": 1,
              "p999": 1.300000000745058,
              "sampleCount": 4817,
              "median": 0.09999999776482582
            },
            {
              "id": "-294586808_2_2",
              "name": "sine_pcm_24bit_be_stereo.wav - full decode() macrobench",
              "rank": 3,
              "rme": 3.681994132399776,
              "samples": [],
              "totalTime": 500.09999998658895,
              "min": 0,
              "max": 1.5,
              "hz": 9590.081983860455,
              "period": 0.1042743953266449,
              "mean": 0.1042743953266449,
              "variance": 0.01840299788006569,
              "sd": 0.13565764954496923,
              "sem": 0.0019588658762869447,
              "df": 4795,
              "critical": 1.96,
              "moe": 0.0038393771175224117,
              "p75": 0.10000000149011612,
              "p99": 0.8999999985098839,
              "p995": 1,
              "p999": 1.199999999254942,