{
  "files": [
    {
      "filepath": "/home/www/dekzer-oss/decoders/wav-decoder/tests/WavDecoder.bench.ts",
      "groups": [
        {
          "fullName": "tests/WavDecoder.bench.ts > WavDecoder full decode() performance",
          "benchmarks": [
            {
              "id": "278005979_0_0",
              "name": "sine_alaw_8bit_le_mono.wav - decode",
              "rank": 2,
              "rme": 6.9132217445224855,
              "samples": [],
              "totalTime": 1002,
              "min": 2,
              "max": 17,
              "hz": 207.58483033932134,
              "period": 4.8173076923076925,
              "mean": 4.8173076923076925,
              "variance": 6.0051096246748426,
              "sd": 2.45053251859159,
              "sem": 0.1699138586148825,
              "df": 207,
              "critical": 1.96,
              "moe": 0.3330311628851697,
              "p75": 5,
              "p99": 11,
              "p995": 13,
              "p999": 17,
              "sampleCount": 208,
              "median": 4
            },
            {
              "id": "278005979_0_1",
              "name": "sine_pcm_16bit_le_stereo.wav - decode",
              "rank": 1,
              "rme": 6.098789166129801,
              "samples": [],
              "totalTime": 1002,
              "min": 2,
              "max": 11,
              "hz": 222.55489021956086,
              "period": 4.493273542600897,
              "mean": 4.493273542600897,
              "variance": 4.359188785197756,
              "sd": 2.0878670420306356,
              "sem": 0.13981391837791846,
              "df": 222,
              "critical": 1.96,
              "moe": 0.2740352800207202,
              "p75": 5,
              "p99": 10,
              "p995": 11,
              "p999": 11,
              "sampleCount": 223,
              "median": 4
            },
            {
              "id": "278005979_0_2",
              "name": "sine_pcm_24bit_be_stereo.wav - decode",
              "rank": 3,
              "rme": 6.3819113428775776,
              "samples": [],
              "totalTime": 1000,
              "min": 2,
              "max": 13,
              "hz": 207,
              "period": 4.830917874396135,
              "mean": 4.830917874396135,
              "variance": 5.121757891280893,
              "sd": 2.2631301092250293,
              "sem": 0.15729841621999352,
              "df": 206,
              "critical": 1.96,
              "moe": 0.3083048957911873,
              "p75": 5,
              "p99": 11,
              "p995": 11,
              "p999": 13,
              "sampleCount": 207,
              "median": 4
            }
          ]
        },
        {
          "fullName": "tests/WavDecoder.bench.ts > WavDecoder API comparison under looping conditions",
          "benchmarks": [
            {
              "id": "278005979_1_0",
              "name": "block-by-block (using decodeFrames)",
              "rank": 1,
              "rme": 8.148326254458503,
              "samples": [],
              "totalTime": 1000,
              "min": 0,
              "max": 6,
              "hz": 6099.000000000001,
              "period": 0.16396130513198884,
              "mean": 0.16396130513198884,
              "variance": 0.2833779427464746,
              "sd": 0.532332549020323,
              "sem": 0.0068163786087870725,
              "df": 6098,
              "critical": 1.96,
              "moe": 0.013360102073222663,
              "p75": 0,
              "p99": 1,
              "p995": 4,
              "p999": 6,
              "sampleCount": 6099,
              "median": 0
            },
            {
              "id": "278005979_1_1",
              "name": "block-by-block (using decode)",
              "rank": 2,
              "rme": 6.9098942810261,
              "samples": [],
              "totalTime": 1002,
              "min": 2,
              "max": 20,
              "hz": 201.59680638722554,
              "period": 4.96039603960396,
              "mean": 4.96039603960396,
              "variance": 6.177528200581252,
              "sd": 2.4854633774371435,
              "sem": 0.17487659298818328,
              "df": 201,
              "critical": 1.96,
              "moe": 0.3427581222568392,
              "p75": 6,
              "p99": 12,
              "p995": 13,
              "p999": 20,
              "sampleCount": 202,
              "median": 4
            }
          ]
        },
        {
          "fullName": "tests/WavDecoder.bench.ts > WavDecoder full file macrobench",
          "benchmarks": [
            {
              "id": "278005979_2_0",
              "name": "sine_alaw_8bit_le_mono.wav - full decode() macrobench",
              "rank": 3,
              "rme": 16.504239547450076,
              "samples": [],
              "totalTime": 505,
              "min": 0,
              "max": 7,
              "hz": 24180.198019801977,
              "period": 0.041356154287118176,
              "mean": 0.041356154287118176,
              "variance": 0.14808477822154043,
              "sd": 0.38481785070542196,
              "sem": 0.0034824075363056265,
              "df": 12210,
              "critical": 1.96,
              "moe": 0.006825518771159028,
              "p75": 0,
              "p99": 1,
              "p995": 1,
              "p999": 6,
              "sampleCount": 12211,
              "median": 0
            },
            {
              "id": "278005979_2_1",
              "name": "sine_pcm_16bit_le_stereo.wav - full decode() macrobench",
              "rank": 2,
              "rme": 16.036858880950675,
              "samples": [],
              "totalTime": 500,
              "min": 0,
              "max": 6,
              "hz": 27076,
              "period": 0.03693307726399764,
              "mean": 0.03693307726399764,
              "variance": 0.12362661308768594,
              "sd": 0.3516057637293307,
              "sem": 0.0030218905516427447,
              "df": 13537,
              "critical": 1.96,
              "moe": 0.005922905481219779,
              "p75": 0,
              "p99": 1,
              "p995": 1,
              "p999": 5,
              "sampleCount": 13538,
              "median": 0
            },
            {
              "id": "278005979_2_2",
              "name": "sine_pcm_24bit_be_stereo.wav - full decode() macrobench",
              "rank": 1,
              "rme": 15.138678775541242,
              "samples": [],
              "totalTime": 502,
              "min": 0,
              "max": 6,
              "hz": 30039.8406374502,
              "period": 0.03328912466843501,
              "mean": 0.03328912466843501,
              "variance": 0.09969420116827643,
              "sd": 0.315743885401248,
              "sem": 0.00257119063813461,
              "df": 15079,
              "critical": 1.96,
              "moe": 0.005039533650743835,
              "p75": 0,
              "p99": 1,
              "p995": 1,
              "p999": 5,
              "sampleCount": 15080,
              "median": 0
            }
          ]
        }
      ]
    },
    {
      "filepath": "/home/www/dekzer-oss/decoders/wav-decoder/tests/WavDecoder.bench.ts",
      "groups": [
        {
          "fullName": "tests/WavDecoder.bench.ts > WavDecoder full decode() performance",
          "benchmarks": [
            {
              "id": "508153575_0_0",
              "name": "sine_alaw_8bit_le_mono.wav - decode",
              "rank": 3,
              "rme": 4.111908701633416,
              "samples": [],
              "totalTime": 1000.0737229999975,
              "min": 0.20532200000002376,
              "max": 8.098434999999881,
              "hz": 1043.9230388618087,
              "period": 0.9579250220306489,
              "mean": 0.9579250220306489,
              "variance": 0.42163661475601344,
              "sd": 0.6493355178611543,
              "sem": 0.02009642976326636,