{
  "files": [
    {
      "filepath": "/home/www/dekzer-oss/decoders/wav-decoder/tests/WasmDecoder.bench.ts",
      "groups": [
        {
          "fullName": "tests/WasmDecoder.bench.ts > WasmDecoder API comparison under looping conditions",
          "benchmarks": [
            {
              "id": "2123440289_0_0",
              "name": "decode() with looping",
              "rank": 1,
              "rme": 0,
              "samples": []
            }
          ]
        }
      ]
    },
    {
      "filepath": "/home/www/dekzer-oss/decoders/wav-decoder/tests/WavDecoder.bench.ts",
      "groups": [
        {
          "fullName": "tests/WavDecoder.bench.ts > WavDecoder full decode() performance",
          "benchmarks": [
            {
              "id": "1660616501_0_0",
              "name": "sine_alaw_8bit_le_mono.wav - decode",
              "rank": 2,
              "rme": 5.883032847083612,
              "samples": [],
              "totalTime": 1003,
              "min": 0,
              "max": 7,
              "hz": 443.66899302093714,
              "period": 2.253932584269663,
              "mean": 2.253932584269663,
              "variance": 2.036724364814241,
              "sd": 1.4271385233446126,
              "sem": 0.06765285422638,
              "df": 444,
              "critical": 1.96,
              "moe": 0.1325995942837048,
              "p75": 3,
              "p99": 6,
              "p995": 7,
              "p999": 7,
              "sampleCount": 445,
              "median": 2
            },
            {
              "id": "1660616501_0_1",
              "name": "sine_pcm_16bit_le_stereo.wav - decode",
              "rank": 3,
              "rme": 7.712550979729972,
              "samples": [],
              "totalTime": 1000.9999999999995,
              "min": 0,
              "max": 10,
              "hz": 427.5724275724277,
              "period": 2.338785046728971,
              "mean": 2.338785046728971,
              "variance": 3.625002735888266,
              "sd": 1.9039439949452994,
              "sem": 0.09203060665064966,
              "df": 427,
              "critical": 1.96,
              "moe": 0.18037998903527333,
              "p75": 4,
              "p99": 8,
              "p995": 9,
              "p999": 10,
              "sampleCount": 428,
              "median": 2
            },
            {
              "id": "1660616501_0_2",
              "name": "sine_pcm_24bit_be_stereo.wav - decode",
              "rank": 1,
              "rme": 6.973695349792759,
              "samples": [],
              "totalTime": 1000,
              "min": 0,
              "max": 6,
              "hz": 518,
              "period": 1.9305019305019304,
              "mean": 1.9305019305019304,
              "variance": 2.4439034226268115,
              "sd": 1.5632988910079901,
              "sem": 0.06868740987503703,
              "df": 517,
              "critical": 1.96,
              "moe": 0.13462732335507258,
              "p75": 3,
              "p99": 5.999999999999545,
              "p995": 6,
              "p999": 6,
              "sampleCount": 518,
              "median": 1
            }
          ]
        }
      ]
    }
  ]
}