{
  "files": [
    {
      "filepath": "/home/www/dekzer-oss/decoders/wav-decoder/tests/WavDecoder.bench.ts",
      "groups": [
        {
          "fullName": "tests/WavDecoder.bench.ts > WavDecoder full decode() performance",
          "benchmarks": [
            {
              "id": "-1658260580_0_0",
              "name": "sine_alaw_8bit_le_mono.wav - decode",
              "rank": 3,
              "rme": 2.4833826753848496,
              "samples": [],
              "totalTime": 5001.000000000001,
              "min": 0,
              "max": 9,
              "hz": 614.2771445710857,
              "period": 1.6279296875000002,
              "mean": 1.6279296875000002,
              "variance": 1.3069761096751842,
              "sd": 1.1432305584068265,
              "sem": 0.020626389707562108,
              "df": 3071,
              "critical": 1.96,
              "moe": 0.04042772382682173,
              "p75": 2.9999999999995453,
              "p99": 4,
              "p995": 4.999999999999545,
              "p999": 5.000000000000455,
              "sampleCount": 3072,
              "median": 1
            },
            {
              "id": "-1658260580_0_1",
              "name": "sine_pcm_16bit_le_stereo.wav - decode",
              "rank": 1,
              "rme": 2.9564151060069186,
              "samples": [],
              "totalTime": 5000.000000000001,
              "min": 0,
              "max": 6.0000000000009095,
              "hz": 681.5999999999999,
              "period": 1.467136150234742,
              "mean": 1.467136150234742,
              "variance": 1.6690106395146846,
              "sd": 1.2919019465558075,
              "sem": 0.022129915699606262,
              "df": 3407,
              "critical": 1.96,
              "moe": 0.04337463477122827,
              "p75": 2.9999999999990905,
              "p99": 5,
              "p995": 5,
              "p999": 6,
              "sampleCount": 3408,
              "median": 1
            },
            {
              "id": "-1658260580_0_2",
              "name": "sine_pcm_24bit_be_stereo.wav - decode",
              "rank": 2,
              "rme": 2.9377154877189344,
              "samples": [],
              "totalTime": 5001.000000000004,
              "min": 0,
              "max": 7,
              "hz": 645.2709458108374,
              "period": 1.5497365974589412,
              "mean": 1.5497365974589412,
              "variance": 1.741093389990065,
              "sd": 1.319504979145613,
              "sem": 0.023227985735918243,
              "df": 3226,
              "critical": 1.96,
              "moe": 0.04552685204239976,
              "p75": 3,
              "p99": 5,
              "p995": 5,
              "p999": 5.999999999998181,
              "sampleCount": 3227,
              "median": 1
            }
          ]
        },
        {
          "fullName": "tests/WavDecoder.bench.ts > WavDecoder API comparison under looping conditions",
          "benchmarks": [
            {
              "id": "-1658260580_1_0",
              "name": "block-by-block (using decodeFrames)",
              "rank": 1,
              "rme": 3.5732182553586602,
              "samples": [],
              "totalTime": 5000.000000000011,
              "min": 0,
              "max": 8,
              "hz": 1766.799999999996,
              "period": 0.5659950192438319,
              "mean": 0.5659950192438319,
              "variance": 0.9405666142625583,
              "sd": 0.9698281364564333,
              "sem": 0.010318488444919064,
              "df": 8833,
              "critical": 1.96,
              "moe": 0.020224237352041364,
              "p75": 1,
              "p99": 4,
              "p995": 4.000000000001819,
              "p999": 5,
              "sampleCount": 8834,
              "median": 0
            },
            {
              "id": "-1658260580_1_1",
              "name": "block-by-block (using decode)",
              "rank": 2,
              "rme": 2.998695397881005,
              "samples": [],
              "totalTime": 5000.000000000004,
              "min": 0,
              "max": 7,
              "hz": 717.9999999999995,
              "period": 1.3927576601671319,
              "mean": 1.3927576601671319,
              "variance": 1.6300394815169446,
              "sd": 1.2767299955421054,
              "sem": 0.021308448907687218,
              "df": 3589,
              "critical": 1.96,
              "moe": 0.04176455985906695,
              "p75": 2,
              "p99": 5,
              "p995": 5,
              "p999": 6,
              "sampleCount": 3590,
              "median": 1
            }
          ]
        },
        {
          "fullName": "tests/WavDecoder.bench.ts > WavDecoder full file macrobench",
          "benchmarks": [
            {
              "id": "-1658260580_2_0",
              "name": "sine_alaw_8bit_le_mono.wav - full decode() macrobench",
              "rank": 3,
              "rme": 13.682329465948866,
              "samples": [],
              "totalTime": 501.0000000000073,
              "min": 0,
              "max": 6,
              "hz": 1794.4111776446844,
              "period": 0.5572858731924442,
              "mean": 0.5572858731924442,
              "variance": 1.3605788168493738,
              "sd": 1.1664385182466215,
              "sem": 0.03890290267213277,
              "df": 898,
              "critical": 1.96,
              "moe": 0.07624968923738022,
              "p75": 0.999999999996362,
              "p99": 5,
              "p995": 5.000000000003638,
              "p999": 6,
              "sampleCount": 899,
              "median": 0
            },
            {
              "id": "-1658260580_2_1",
              "name": "sine_pcm_16bit_le_stereo.wav - full decode() macrobench",
              "rank": 2,
              "rme": 13.209234377214079,
              "samples": [],
              "totalTime": 501,
              "min": 0,
              "max": 5.000000000003638,
              "hz": 1882.235528942116,
              "period": 0.5312831389183457,
              "mean": 0.5312831389183457,
              "variance": 1.2089460163500205,
              "sd": 1.0995208121495565,
              "sem": 0.035805323993032726,
              "df": 942,
              "critical": 1.96,
              "moe": 0.07017843502634415,
              "p75": 0.999999999996362,
              "p99": 4.999999999996362,
              "p995": 5,
              "p999": 5.000000000003638,
              "sampleCount": 943,
              "median": 0
            },
            {
              "id": "-1658260580_2_2",
              "name": "sine_pcm_24bit_be_stereo.wav - full decode() macrobench",
              "rank": 1,
              "rme": 13.250400271719437,
              "samples": [],
              "totalTime": 501.00000000000364,
              "min": 0,
              "max": 5.000000000003638,
              "hz": 1934.1317365269322,
              "period": 0.5170278637770935,
              "mean": 0.5170278637770935,
              "variance": 1.1838523143055406,
              "sd": 1.0880497756562153,
              "sem": 0.03495319462591082,
              "df": 968,
              "critical": 1.96,
              "moe": 0.06850826146678521,
              "p75": 0.999999999996362,
              "p99": 4.000000000003638,
              "p995": 5,
              "p999": 5.000000000003638,
              "sampleCount": 969,
              "median": 0
            }
          ]
        }
      ]
    }
  ]
}