{
  "files": [
    {
      "filepath": "/home/www/dekzer-oss/decoders/wav-decoder/tests/WavDecoder.bench.ts",
      "groups": [
        {
          "fullName": "tests/WavDecoder.bench.ts > WavDecoder full decode() performance",
          "benchmarks": [
            {
              "id": "508153575_0_0",
              "name": "sine_alaw_8bit_le_mono.wav - decode",
              "rank": 2,
              "rme": 4.536694212039516,
              "samples": [],
              "totalTime": 1000.0600130000021,
              "min": 0.20996100000002116,
              "max": 11.802372999999989,
              "hz": 1114.9330895204964,
              "period": 0.8969148098654727,
              "mean": 0.8969148098654727,
              "variance": 0.4805561391209629,
              "sd": 0.6932215656779317,
              "sem": 0.020760348094944966,
              "df": 1114,
              "critical": 1.96,
              "moe": 0.040690282266092136,
              "p75": 0.9674519999999802,
              "p99": 2.881934000000001,
              "p995": 3.378112999999985,
              "p999": 9.083545999999956,
              "sampleCount": 1115,
              "median": 0.6559819999999945
            },
            {
              "id": "508153575_0_1",
              "name": "sine_pcm_16bit_le_stereo.wav - decode",
              "rank": 1,
              "rme": 2.7364327446995227,
              "samples": [],
              "totalTime": 1000.176661999996,
              "min": 0.19888000000014472,
              "max": 7.7599850000001425,
              "hz": 2001.6463851463154,
              "period": 0.49958874225774025,
              "mean": 0.49958874225774025,
              "variance": 0.09739726788134868,
              "sd": 0.31208535351943173,
              "sem": 0.006974954046925157,
              "df": 2001,
              "critical": 1.96,
              "moe": 0.013670909931973306,
              "p75": 0.49898899999971036,
              "p99": 2.1151300000001356,
              "p995": 2.426189000000022,
              "p999": 3.236378000000059,
              "sampleCount": 2002,
              "median": 0.4515765000001011
            },
            {
              "id": "508153575_0_2",
              "name": "sine_pcm_24bit_be_stereo.wav - decode",
              "rank": 3,
              "rme": 3.949794899367546,
              "samples": [],
              "totalTime": 1000.449457000007,
              "min": 0.2770860000000539,
              "max": 6.888985999999932,
              "hz": 1104.5035731375206,
              "period": 0.9053841239819068,
              "mean": 0.9053841239819068,
              "variance": 0.36784509913492064,
              "sd": 0.6065023488288571,
              "sem": 0.018245314259551476,
              "df": 1104,
              "critical": 1.96,
              "moe": 0.035760815948720895,
              "p75": 0.9660699999999451,
              "p99": 3.0506530000002385,
              "p995": 3.7501500000003034,
              "p999": 6.5736650000003465,
              "sampleCount": 1105,
              "median": 0.6921189999998205
            }
          ]
        },
        {
          "fullName": "tests/WavDecoder.bench.ts > WavDecoder API comparison under looping conditions",
          "benchmarks": [
            {
              "id": "508153575_1_0",
              "name": "block-by-block (using decodeFrames)",
              "rank": 2,
              "rme": 4.901566781184998,
              "samples": [],
              "totalTime": 1001.0271500000017,
              "min": 0.11010500000065804,
              "max": 5.477757999999994,
              "hz": 870.1062703444142,
              "period": 1.1492849024110239,
              "mean": 1.1492849024110239,
              "variance": 0.7195007709653854,
              "sd": 0.8482339128833423,
              "sem": 0.02874130969273121,
              "df": 870,
              "critical": 1.96,
              "moe": 0.05633296699775317,
              "p75": 1.1435240000000704,
              "p99": 4.058122999999796,
              "p995": 4.131398999999874,
              "p999": 5.477757999999994,
              "sampleCount": 871,
              "median": 0.8758710000001884
            },
            {
              "id": "508153575_1_1",
              "name": "block-by-block (using decode)",
              "rank": 1,
              "rme": 0.8242561683452366,
              "samples": [],
              "totalTime": 1000.1828059999989,
              "min": 0.3857580000003509,
              "max": 2.0445879999997487,
              "hz": 1990.6360997771465,
              "period": 0.502351986941235,
              "mean": 0.502351986941235,
              "variance": 0.00888586636931705,
              "sd": 0.09426487346470609,
              "sem": 0.0021125853261061154,
              "df": 1990,
              "critical": 1.96,
              "moe": 0.004140667239167986,
              "p75": 0.5256989999998041,
              "p99": 0.7968140000002677,
              "p995": 0.9479350000001432,
              "p999": 1.9075130000001081,
              "sampleCount": 1991,
              "median": 0.4895010000000184
            }
          ]
        },
        {
          "fullName": "tests/WavDecoder.bench.ts > WavDecoder full file macrobench",
          "benchmarks": [
            {
              "id": "508153575_2_0",
              "name": "sine_alaw_8bit_le_mono.wav - full decode() macrobench",
              "rank": 3,
              "rme": 1.0579705250268217,
              "samples": [],
              "totalTime": 500.0974370000067,
              "min": 0.3262880000002042,
              "max": 1.9656920000006721,
              "hz": 2387.5347315566905,
              "period": 0.4188420745393691,
              "mean": 0.4188420745393691,
              "variance": 0.0061029515893037825,
              "sd": 0.07812139008814284,
              "sem": 0.002260829436243569,
              "df": 1193,
              "critical": 1.96,
              "moe": 0.004431225695037395,
              "p75": 0.43743499999982305,
              "p99": 0.6492589999998017,
              "p995": 0.7020980000006602,
              "p999": 1.2053350000005594,
              "sampleCount": 1194,
              "median": 0.40579099999968093
            },
            {
              "id": "508153575_2_1",
              "name": "sine_pcm_16bit_le_stereo.wav - full decode() macrobench",
              "rank": 1,
              "rme": 0.8815815830864703,
              "samples": [],
              "totalTime": 500.3865619999897,
              "min": 0.32414300000073126,
              "max": 1.7050259999996342,
              "hz": 2452.1042193775484,
              "period": 0.40781300896494677,
              "mean": 0.40781300896494677,
              "variance": 0.004128379268349582,
              "sd": 0.06425246507605434,
              "sem": 0.0018342879492172178,
              "df": 1226,
              "critical": 1.96,
              "moe": 0.003595204380465747,
              "p75": 0.426433999999972,
              "p99": 0.6040350000002945,
              "p995": 0.6717820000003485,
              "p999": 0.7857130000002144,
              "sampleCount": 1227,
              "median": 0.3968190000005052
            },
            {
              "id": "508153575_2_2",
              "name": "sine_pcm_24bit_be_stereo.wav - full decode() macrobench",
              "rank": 2,
              "rme": 1.0434193265530585,
              "samples": [],
              "totalTime": 500.16768000002685,
              "min": 0.32093799999984185,
              "max": 1.9048380000003817,
              "hz": 2449.1786434500013,
              "period": 0.4083001469387974,
              "mean": 0.4083001469387974,
              "variance": 0.005787630166626591,
              "sd": 0.07607647577685622,
              "sem": 0.0021736135936244634,
              "df": 1224,
              "critical": 1.96,
              "moe": 0.004260282643503948,