{
  "files": [
    {
      "filepath": "/home/www/dekzer-oss/decoders/wav-decoder/tests/WavDecoder.bench.ts",
      "groups": [
        {
          "fullName": "tests/WavDecoder.bench.ts > WavDecoder full decode() performance",
          "benchmarks": [
            {
              "id": "508153575_0_0",
              "name": "sine_alaw_8bit_le_mono.wav - decode",
              "rank": 3,
              "rme": 5.148724721947927,
              "samples": [],
              "totalTime": 1000.3446199999971,
              "min": 0.27318800000000465,
              "max": 8.763749999999959,
              "hz": 960.668934271874,
              "period": 1.0409413319458867,
              "mean": 1.0409413319458867,
              "variance": 0.7185600976161372,
              "sd": 0.8476792421760351,
              "sem": 0.027344491683097907,
              "df": 960,
              "critical": 1.96,
              "moe": 0.0535952036988719,
              "p75": 1.1125509999999394,
              "p99": 4.127514000000019,
              "p995": 4.460503000000017,
              "p999": 8.763749999999959,
              "sampleCount": 961,
              "median": 0.6835829999999987
            },
            {
              "id": "508153575_0_1",
              "name": "sine_pcm_16bit_le_stereo.wav - decode",
              "rank": 2,
              "rme": 3.8887302820920477,
              "samples": [],
              "totalTime": 1000.1112729999979,
              "min": 0.172490999999809,
              "max": 6.184273999999959,
              "hz": 1327.8522458970451,
              "period": 0.7530958381024081,
              "mean": 0.7530958381024081,
              "variance": 0.29648455306774724,
              "sd": 0.5445039513793699,
              "sem": 0.014941768321154717,
              "df": 1327,
              "critical": 1.96,
              "moe": 0.029285865909463245,
              "p75": 0.8398130000000492,
              "p99": 3.017262999999957,
              "p995": 3.726618000000144,
              "p999": 4.233532000000196,
              "sampleCount": 1328,
              "median": 0.5320959999999104
            },
            {
              "id": "508153575_0_2",
              "name": "sine_pcm_24bit_be_stereo.wav - decode",
              "rank": 1,
              "rme": 2.147236327936945,
              "samples": [],
              "totalTime": 1000.1763390000124,
              "min": 0.4615690000000541,
              "max": 4.545031999999992,
              "hz": 1610.7159679569065,
              "period": 0.6208419236499145,
              "mean": 0.6208419236499145,
              "variance": 0.07452554518619373,
              "sd": 0.27299367242885636,
              "sem": 0.006801501695751795,
              "df": 1610,
              "critical": 1.96,
              "moe": 0.013330943323673518,
              "p75": 0.6082120000000941,
              "p99": 1.9016050000000178,
              "p995": 2.2617949999998928,
              "p999": 2.960638000000017,
              "sampleCount": 1611,
              "median": 0.5462769999999182
            }
          ]
        },
        {
          "fullName": "tests/WavDecoder.bench.ts > WavDecoder API comparison under looping conditions",
          "benchmarks": [
            {
              "id": "508153575_1_0",
              "name": "block-by-block (using decodeFrames)",
              "rank": 1,
              "rme": 2.5077485396529884,
              "samples": [],
              "totalTime": 1000.0200450000139,
              "min": 0.12477300000000469,
              "max": 4.69702499999994,
              "hz": 1968.960532186105,
              "period": 0.5078821965464774,
              "mean": 0.5078821965464774,
              "variance": 0.08314335098494195,
              "sd": 0.28834588775451947,
              "sem": 0.006498167534210105,
              "df": 1968,
              "critical": 1.96,
              "moe": 0.012736408367051805,
              "p75": 0.5021149999993213,
              "p99": 2.0593339999995806,
              "p995": 2.7994410000001153,
              "p999": 3.841147000000092,
              "sampleCount": 1969,
              "median": 0.4500879999995959
            },
            {
              "id": "508153575_1_1",
              "name": "block-by-block (using decode)",
              "rank": 2,
              "rme": 0.9390600835289045,
              "samples": [],
              "totalTime": 1000.254262000014,
              "min": 0.3279399999992165,
              "max": 2.1714619999993374,
              "hz": 1865.52566771265,
              "period": 0.5360419410503826,
              "mean": 0.5360419410503826,
              "variance": 0.012307895490455452,
              "sd": 0.110940954973605,
              "sem": 0.002568242805804941,
              "df": 1865,
              "critical": 1.96,
              "moe": 0.005033755899377684,
              "p75": 0.5710429999999178,
              "p99": 0.9555890000001455,
              "p995": 1.0632500000001528,
              "p999": 2.168476999999257,
              "sampleCount": 1866,
              "median": 0.5169325000001663
            }
          ]
        }
      ]
    }
  ]
}