{
  "files": [
    {
      "filepath": "/home/www/dekzer-oss/wav-decoder/tests/WavDecoder.bench.ts",
      "groups": [
        {
          "fullName": "tests/WavDecoder.bench.ts > WavDecoder full decode() performance",
          "benchmarks": [
            {
              "id": "-294586808_0_0",
              "name": "sine_alaw_8bit_le_mono.wav - decode",
              "rank": 2,
              "rme": 3.2757888816615575,
              "samples": [],
              "totalTime": 1000.0000000018626,
              "min": 0.09999999962747097,
              "max": 3.300000000745058,
              "hz": 2252.999999995803,
              "period": 0.44385264092404025,
              "mean": 0.44385264092404025,
              "variance": 0.12398195341166486,
              "sd": 0.3521107118672547,
              "sem": 0.007418201766505564,
              "df": 2252,
              "critical": 1.96,
              "moe": 0.014539675462350906,
              "p75": 0.5,
              "p99": 2.1000000005587935,
              "p995": 2.2999999998137355,
              "p999": 2.8999999994412065,
              "sampleCount": 2253,
              "median": 0.30000000074505806
            },
            {
              "id": "-294586808_0_1",
              "name": "sine_pcm_16bit_le_stereo.wav - decode",
              "rank": 1,
              "rme": 2.338302871344933,
              "samples": [],
              "totalTime": 1000,
              "min": 0,
              "max": 1.5,
              "hz": 2864,
              "period": 0.34916201117318435,
              "mean": 0.34916201117318435,
              "variance": 0.04969542047827886,
              "sd": 0.22292469687829308,
              "sem": 0.004165543537198104,
              "df": 2863,
              "critical": 1.96,
              "moe": 0.008164465332908285,
              "p75": 0.5,
              "p99": 1,
              "p995": 1.099999999627471,
              "p999": 1.2000000001862645,
              "sampleCount": 2864,
              "median": 0.2999999998137355
            },
            {
              "id": "-294586808_0_2",
              "name": "sine_pcm_24bit_be_stereo.wav - decode",
              "rank": 3,
              "rme": 2.8625573275308227,
              "samples": [],
              "totalTime": 1000.3999999994412,
              "min": 0.19999999925494194,
              "max": 3.099999999627471,
              "hz": 1824.2702918842656,
              "period": 0.5481643835613377,
              "mean": 0.5481643835613377,
              "variance": 0.11697168348849332,
              "sd": 0.34201123298583824,
              "sem": 0.00800587741252512,
              "df": 1824,
              "critical": 1.96,
              "moe": 0.015691519728549236,
              "p75": 0.7000000001862645,
              "p99": 2.2000000001862645,
              "p995": 2.5,
              "p999": 2.900000000372529,
              "sampleCount": 1825,
              "median": 0.40000000037252903
            }
          ]
        },
        {
          "fullName": "tests/WavDecoder.bench.ts > WavDecoder API comparison under looping conditions",
          "benchmarks": [
            {
              "id": "-294586808_1_0",
              "name": "block-by-block (using decodeFrames)",
              "rank": 1,
              "rme": 3.027982872581321,
              "samples": [],
              "totalTime": 1000.0999999921769,
              "min": 0,
              "max": 2.2000000001862645,
              "hz": 5271.472852755964,
              "period": 0.18970030348865266,
              "mean": 0.18970030348865266,
              "variance": 0.045279970876708604,
              "sd": 0.21279090882062748,
              "sem": 0.0029306595402404027,
              "df": 5271,
              "critical": 1.96,
              "moe": 0.005744092698871189,
              "p75": 0.20000000018626451,
              "p99": 1.300000000745058,
              "p995": 1.5,
              "p999": 2,
              "sampleCount": 5272,
              "median": 0.10000000055879354
            },
            {
              "id": "-294586808_1_1",
              "name": "block-by-block (using decode)",
              "rank": 2,
              "rme": 2.145436023010747,
              "samples": [],
              "totalTime": 1000.2999999970198,
              "min": 0,
              "max": 2.2000000001862645,
              "hz": 3064.0807757763987,
              "period": 0.3263621533432365,
              "mean": 0.3263621533432365,
              "variance": 0.03911551501874426,
              "sd": 0.1977764268530106,
              "sem": 0.0035723934710711067,
              "df": 3064,
              "critical": 1.96,
              "moe": 0.007001891203299369,
              "p75": 0.40000000037252903,
              "p99": 0.900000000372529,
              "p995": 1,
              "p999": 1.400000000372529,
              "sampleCount": 3065,
              "median": 0.2999999998137355
            }
          ]
        }
      ]
    },
    {
      "filepath": "/home/www/dekzer-oss/wav-decoder/tests/WavDecoder.bench.ts",
      "groups": [
        {
          "fullName": "tests/WavDecoder.bench.ts > WavDecoder full decode() performance",
          "benchmarks": [
            {
              "id": "278005979_0_0",
              "name": "sine_alaw_8bit_le_mono.wav - decode",
              "rank": 2,
              "rme": 6.073144731139967,
              "samples": [],
              "totalTime": 1000,
              "min": 2,
              "max": 9,
              "hz": 269,
              "period": 3.717472118959108,
              "mean": 3.717472118959108,
              "variance": 3.569133884480943,
              "sd": 1.8892151503947197,
              "sem": 0.11518748067559305,
              "df": 268,
              "critical": 1.96,
              "moe": 0.22576746212416238,
              "p75": 4,
              "p99": 9,
              "p995": 9,
              "p999": 9,
              "sampleCount": 269,
              "median": 3
            },
            {
              "id": "278005979_0_1",
              "name": "sine_pcm_16bit_le_stereo.wav - decode",
              "rank": 1,
              "rme": 6.324249802588598,
              "samples": [],
              "totalTime": 1004,
              "min": 1,
              "max": 10,
              "hz": 271.9123505976096,
              "period": 3.6776556776556775,
              "mean": 3.6776556776556775,
              "variance": 3.844241542770955,
              "sd": 1.960673747151972,
              "sem": 0.11866537343572835,
              "df": 272,
              "critical": 1.96,
              "moe": 0.23258413193402755,
              "p75": 4,
              "p99": 9,
              "p995": 9,
              "p999": 10,
              "sampleCount": 273,
              "median": 3
            },
            {
              "id": "278005979_0_2",
              "name": "sine_pcm_24bit_be_stereo.wav - decode",
              "rank": 3,
              "rme": 7.174499438367575,
              "samples": [],
              "totalTime": 1003,
              "min": 1,
              "max": 20,
              "hz": 247.25822532402793,
              "period": 4.044354838709677,
              "mean": 4.044354838709677,
              "variance": 5.4352716468590865,
              "sd": 2.3313669052423056,
              "sem": 0.14804194652490696,
              "df": 247,
              "critical": 1.96,
              "moe": 0.29016221518881763,
              "p75": 4,
              "p99": 10,
              "p995": 10,
              "p999": 20,
              "sampleCount": 248,
              "median": 3
            }
          ]
        },
        {
          "fullName": "tests/WavDecoder.bench.ts > WavDecoder API comparison under looping conditions",
          "benchmarks": [
            {
              "id": "278005979_1_0",
              "name": "block-by-block (using decodeFrames)",
              "rank": 1,