{
  "files": [
    {
      "filepath": "/home/www/dekzer-oss/decoders/wav-decoder/tests/WavDecoder.bench.ts",
      "groups": [
        {
          "fullName": "tests/WavDecoder.bench.ts > WavDecoder full decode() performance",
          "benchmarks": [
            {
              "id": "-294586808_0_0",
              "name": "sine_alaw_8bit_le_mono.wav - decode",
              "rank": 2,
              "rme": 2.872758050012175,
              "samples": [],
              "totalTime": 1000.0999999959022,
              "min": 0.09999999962747097,
              "max": 3.100000001490116,
              "hz": 2544.7455254578817,
              "period": 0.3929666011771718,
              "mean": 0.3929666011771718,
              "variance": 0.08442771311859541,
              "sd": 0.29056447325610096,
              "sem": 0.005759683504681858,
              "df": 2544,
              "critical": 1.96,
              "moe": 0.011288979669176441,
              "p75": 0.5,
              "p99": 1.900000000372529,
              "p995": 2.100000001490116,
              "p999": 2.599999999627471,
              "sampleCount": 2545,
              "median": 0.30000000074505806
            },
            {
              "id": "-294586808_0_1",
              "name": "sine_pcm_16bit_le_stereo.wav - decode",
              "rank": 1,
              "rme": 2.3033825211707004,
              "samples": [],
              "totalTime": 1000.0999999977648,
              "min": 0.09999999962747097,
              "max": 1.300000000745058,
              "hz": 2691.7308269233245,
              "period": 0.3715081723617254,
              "mean": 0.3715081723617254,
              "variance": 0.05131351796825199,
              "sd": 0.22652487273642158,
              "sem": 0.004365946074949337,
              "df": 2691,
              "critical": 1.96,
              "moe": 0.008557254306900701,
              "p75": 0.5,
              "p99": 1,
              "p995": 1.099999999627471,
              "p999": 1.299999998882413,
              "sampleCount": 2692,
              "median": 0.30000000074505806
            },
            {
              "id": "-294586808_0_2",
              "name": "sine_pcm_24bit_be_stereo.wav - decode",
              "rank": 3,
              "rme": 2.2806421801421264,
              "samples": [],
              "totalTime": 1000.2999999932945,
              "min": 0.19999999925494194,
              "max": 1.6000000014901161,
              "hz": 1766.470058994147,
              "period": 0.5661007357064485,
              "mean": 0.5661007357064485,
              "variance": 0.07667012122533289,
              "sd": 0.27689370022687926,
              "sem": 0.006587108245212328,
              "df": 1766,
              "critical": 1.96,
              "moe": 0.012910732160616164,
              "p75": 0.7000000011175871,
              "p99": 1.400000000372529,
              "p995": 1.400000000372529,
              "p999": 1.599999999627471,
              "sampleCount": 1767,
              "median": 0.40000000037252903
            }
          ]
        },
        {
          "fullName": "tests/WavDecoder.bench.ts > WavDecoder API comparison under looping conditions",
          "benchmarks": [
            {
              "id": "-294586808_1_0",
              "name": "block-by-block (using decodeFrames)",
              "rank": 1,
              "rme": 2.7753847566670675,
              "samples": [],
              "totalTime": 1000,
              "min": 0,
              "max": 2.099999999627471,
              "hz": 5421,
              "period": 0.18446781036709095,
              "mean": 0.18446781036709095,
              "variance": 0.036987488858462696,
              "sd": 0.19232131670322636,
              "sem": 0.0026120874948396705,
              "df": 5420,
              "critical": 1.96,
              "moe": 0.005119691489885754,
              "p75": 0.2000000011175871,
              "p99": 1.299999998882413,
              "p995": 1.400000000372529,
              "p999": 1.599999999627471,
              "sampleCount": 5421,
              "median": 0.10000000149011612
            },
            {
              "id": "-294586808_1_1",
              "name": "block-by-block (using decode)",
              "rank": 2,
              "rme": 2.4222738081219695,
              "samples": [],
              "totalTime": 1000.1999999973923,
              "min": 0,
              "max": 4.400000000372529,
              "hz": 2833.43331334472,
              "period": 0.35292872265257313,
              "mean": 0.35292872265257313,
              "variance": 0.053914822308697194,
              "sd": 0.23219565523217095,
              "sem": 0.004361683678649341,
              "df": 2833,
              "critical": 1.96,
              "moe": 0.008548900010152707,
              "p75": 0.5,
              "p99": 1,
              "p995": 1.099999999627471,
              "p999": 1.800000000745058,
              "sampleCount": 2834,
              "median": 0.30000000074505806
            }
          ]
        }
      ]
    },
    {
      "filepath": "/home/www/dekzer-oss/decoders/wav-decoder/tests/WavDecoder.bench.ts",
      "groups": [
        {
          "fullName": "tests/WavDecoder.bench.ts > WavDecoder full decode() performance",
          "benchmarks": [
            {
              "id": "278005979_0_0",
              "name": "sine_alaw_8bit_le_mono.wav - decode",
              "rank": 3,
              "rme": 6.968515596492532,
              "samples": [],
              "totalTime": 1002,
              "min": 1,
              "max": 13,
              "hz": 235.52894211576847,
              "period": 4.245762711864407,
              "mean": 4.245762711864407,
              "variance": 5.377641543454747,
              "sd": 2.318974243810126,
              "sem": 0.15095236569710993,
              "df": 235,
              "critical": 1.96,
              "moe": 0.29586663676633546,
              "p75": 4,
              "p99": 11,
              "p995": 13,
              "p999": 13,
              "sampleCount": 236,
              "median": 3
            },
            {
              "id": "278005979_0_1",
              "name": "sine_pcm_16bit_le_stereo.wav - decode",
              "rank": 1,
              "rme": 6.581501500355669,
              "samples": [],
              "totalTime": 1001,
              "min": 1,
              "max": 14,
              "hz": 244.75524475524477,
              "period": 4.085714285714285,
              "mean": 4.085714285714285,
              "variance": 4.611475409836068,
              "sd": 2.14743461130626,
              "sem": 0.13719456480333245,
              "df": 244,
              "critical": 1.96,
              "moe": 0.2689013470145316,
              "p75": 4,
              "p99": 9,
              "p995": 10,
              "p999": 14,
              "sampleCount": 245,
              "median": 3
            },
            {
              "id": "278005979_0_2",
              "name": "sine_pcm_24bit_be_stereo.wav - decode",
              "rank": 2,
              "rme": 6.140222339343179,
              "samples": [],
              "totalTime": 1000,
              "min": 1,
              "max": 10,
              "hz": 239.99999999999997,
              "period": 4.166666666666667,
              "mean": 4.166666666666667,
              "variance": 4.08926080892608,
              "sd": 2.0221920801264357,
              "sem": 0.130531937486037,
              "df": 239,
              "critical": 1.96,
              "moe": 0.2558425974726325,
              "p75": 4,
              "p99": 9,
              "p995": 10,
              "p999": 10,
              "sampleCount": 240,
              "median": 3
            }
          ]
        },
        {
          "fullName": "tests/WavDecoder.bench.ts > WavDecoder API comparison under looping conditions",
          "benchmarks": [
            {
              "id": "278005979_1_0",