{
  "files": [
    {
      "filepath": "/home/www/dekzer-oss/decoders/wav-decoder/tests/WavDecoder.bench.ts",
      "groups": [
        {
          "fullName": "tests/WavDecoder.bench.ts > WavDecoder full decode() performance",
          "benchmarks": [
            {
              "id": "1902247015_0_0",
              "name": "sine_alaw_8bit_le_mono.wav - decode",
              "rank": 2,
              "rme": 2.0415507423635124,
              "samples": [],
              "totalTime": 1000.1999999955297,
              "min": 0,
              "max": 1.8999999985098839,
              "hz": 3666.266746667056,
              "period": 0.27275702208768193,
              "mean": 0.27275702208768193,
              "variance": 0.02959858879091128,
              "sd": 0.17204240404886023,
              "sem": 0.002841057657795755,
              "df": 3666,
              "critical": 1.96,
              "moe": 0.0055684730092796795,
              "p75": 0.3999999985098839,
              "p99": 1,
              "p995": 1.300000000745058,
              "p999": 1.699999999254942,
              "sampleCount": 3667,
              "median": 0.20000000298023224
            },
            {
              "id": "1902247015_0_1",
              "name": "sine_pcm_16bit_le_stereo.wav - decode",
              "rank": 1,
              "rme": 2.8015175003179493,
              "samples": [],
              "totalTime": 1000.1000000163913,
              "min": 0,
              "max": 10.100000001490116,
              "hz": 3859.614038532883,
              "period": 0.2590932642529511,
              "mean": 0.2590932642529511,
              "variance": 0.052938799271022165,
              "sd": 0.2300843307811772,
              "sem": 0.0037033383368323745,
              "df": 3859,
              "critical": 1.96,
              "moe": 0.007258543140191454,
              "p75": 0.3999999985098839,
              "p99": 0.6999999992549419,
              "p995": 0.8000000007450581,
              "p999": 1.300000000745058,
              "sampleCount": 3860,
              "median": 0.19999999925494194
            },
            {
              "id": "1902247015_0_2",
              "name": "sine_pcm_24bit_be_stereo.wav - decode",
              "rank": 3,
              "rme": 1.7793872976908764,
              "samples": [],
              "totalTime": 1000,
              "min": 0.09999999776482582,
              "max": 2.300000000745058,
              "hz": 2872,
              "period": 0.34818941504178275,
              "mean": 0.34818941504178275,
              "variance": 0.028697521749726132,
              "sd": 0.16940342897865476,
              "sem": 0.00316103990977431,
              "df": 2871,
              "critical": 1.96,
              "moe": 0.006195638223157648,
              "p75": 0.5,
              "p99": 0.8000000007450581,
              "p995": 0.9000000022351742,
              "p999": 1,
              "sampleCount": 2872,
              "median": 0.30000000074505806
            }
          ]
        },
        {
          "fullName": "tests/WavDecoder.bench.ts > WavDecoder API comparison under looping conditions",
          "benchmarks": [
            {
              "id": "1902247015_1_0",
              "name": "block-by-block (using decode)",
              "rank": 1,
              "rme": 2.9443611921275252,
              "samples": [],
              "totalTime": 1000.2000000141561,
              "min": 0.29999999701976776,
              "max": 2.2000000029802322,
              "hz": 1530.6938612060903,
              "period": 0.6532984977231587,
              "mean": 0.6532984977231587,
              "variance": 0.1474580671171213,
              "sd": 0.3840026915493188,
              "sem": 0.009814013997812657,
              "df": 1530,
              "critical": 1.96,
              "moe": 0.01923546743571281,
              "p75": 0.6000000014901161,
              "p99": 1.800000000745058,
              "p995": 1.9000000022351742,
              "p999": 2.100000001490116,
              "sampleCount": 1531,
              "median": 0.5
            }
          ]
        }
      ]
    }
  ]
}