{
  "files": [
    {
      "filepath": "/home/www/dekzer-oss/decoders/wav-decoder/tests/WavDecoder.bench.ts",
      "groups": [
        {
          "fullName": "tests/WavDecoder.bench.ts > WavDecoder full decode() performance",
          "benchmarks": [
            {
              "id": "508153575_0_0",
              "name": "sine_alaw_8bit_le_mono.wav - decode",
              "rank": 3,
              "rme": 3.572695111509827,
              "samples": [],
              "totalTime": 1001.1073979999984,
              "min": 0.21220500000003995,
              "max": 4.9999239999999645,
              "hz": 1146.7301133659205,
              "period": 0.8720447717770021,
              "mean": 0.8720447717770021,
              "variance": 0.29006760036357887,
              "sd": 0.5385792424180298,
              "sem": 0.015895663740537747,
              "df": 1147,
              "critical": 1.96,
              "moe": 0.031155500931453983,
              "p75": 1.0142789999999877,
              "p99": 2.7542499999999563,
              "p995": 3.075001000000043,
              "p999": 4.747916999999916,
              "sampleCount": 1148,
              "median": 0.6251845000000458
            },
            {
              "id": "508153575_0_1",
              "name": "sine_pcm_16bit_le_stereo.wav - decode",
              "rank": 1,
              "rme": 1.78275332040961,
              "samples": [],
              "totalTime": 1000.2295810000039,
              "min": 0.15519899999981135,
              "max": 2.9281040000000758,
              "hz": 1916.5599942399551,
              "period": 0.5217681695357349,
              "mean": 0.5217681695357349,
              "variance": 0.04317652054661357,
              "sd": 0.2077896064451097,
              "sem": 0.004745836411856509,
              "df": 1916,
              "critical": 1.96,
              "moe": 0.009301839367238758,
              "p75": 0.5393340000000535,
              "p99": 1.2053949999999531,
              "p995": 1.9768819999999323,
              "p999": 2.5911959999998544,
              "sampleCount": 1917,
              "median": 0.46563700000024255
            },
            {
              "id": "508153575_0_2",
              "name": "sine_pcm_24bit_be_stereo.wav - decode",
              "rank": 2,
              "rme": 4.139810701900388,
              "samples": [],
              "totalTime": 1000.0459099999989,
              "min": 0.38574800000014875,
              "max": 9.04076699999996,
              "hz": 1441.933800819206,
              "period": 0.6935131137309285,
              "mean": 0.6935131137309285,
              "variance": 0.30940222942693213,
              "sd": 0.5562393634281307,
              "sem": 0.01464802556189571,
              "df": 1441,
              "critical": 1.96,
              "moe": 0.02871013010131559,
              "p75": 0.6769110000000182,
              "p99": 2.933723999999984,
              "p995": 3.9496110000000044,
              "p999": 7.661951000000045,
              "sampleCount": 1442,
              "median": 0.5678674999999203
            }
          ]
        },
        {
          "fullName": "tests/WavDecoder.bench.ts > WavDecoder API comparison under looping conditions",
          "benchmarks": [
            {
              "id": "508153575_1_0",
              "name": "block-by-block (using decodeFrames)",
              "rank": 1,
              "rme": 0.9313805736751347,
              "samples": [],
              "totalTime": 1000.0365000000183,
              "min": 0.3680960000001505,
              "max": 2.176965000000564,
              "hz": 2018.9263091896776,
              "period": 0.49531277860327805,
              "mean": 0.49531277860327805,
              "variance": 0.011185041298993535,
              "sd": 0.10575935560976879,
              "sem": 0.0023536974483885005,
              "df": 2018,
              "critical": 1.96,
              "moe": 0.004613246998841461,
              "p75": 0.5269220000000132,
              "p99": 0.8450140000004467,
              "p995": 0.9036729999997988,
              "p999": 1.1771020000001045,
              "sampleCount": 2019,
              "median": 0.46624900000006164
            },
            {
              "id": "508153575_1_1",
              "name": "block-by-block (using decode)",
              "rank": 2,
              "rme": 1.3091427173361487,
              "samples": [],
              "totalTime": 1000.0244690000181,
              "min": 0.28679400000055466,
              "max": 2.98040200000014,
              "hz": 1863.9543908999754,
              "period": 0.5364938138412114,
              "mean": 0.5364938138412114,
              "variance": 0.023935207165105554,
              "sd": 0.15471007454301597,
              "sem": 0.0035834029045210074,
              "df": 1863,
              "critical": 1.96,
              "moe": 0.007023469692861175,
              "p75": 0.5748009999997521,
              "p99": 0.9883109999991575,
              "p995": 1.1507030000002487,
              "p999": 2.8813270000000557,
              "sampleCount": 1864,
              "median": 0.4996310000001358
            }
          ]
        },
        {
          "fullName": "tests/WavDecoder.bench.ts > WavDecoder full file macrobench",
          "benchmarks": [
            {
              "id": "508153575_2_0",
              "name": "sine_alaw_8bit_le_mono.wav - full decode() macrobench",
              "rank": 2,
              "rme": 7.539004638745861,
              "samples": [],
              "totalTime": 502.69394199998897,
              "min": 0.05364999999983411,
              "max": 8.674712,
              "hz": 1219.4298534037505,
              "period": 0.820055370309933,
              "mean": 0.820055370309933,
              "variance": 0.6099057207319558,
              "sd": 0.7809646091417689,
              "sem": 0.03154286347344408,
              "df": 612,
              "critical": 1.96,
              "moe": 0.06182401240795039,
              "p75": 0.8087659999991956,
              "p99": 3.851314000000457,
              "p995": 4.365042999999787,
              "p999": 8.674712,
              "sampleCount": 613,
              "median": 0.5735789999998815
            },
            {
              "id": "508153575_2_1",
              "name": "sine_pcm_16bit_le_stereo.wav - full decode() macrobench",
              "rank": 3,
              "rme": 7.141863085126173,
              "samples": [],
              "totalTime": 500.02121300000636,
              "min": 0.06192499999997381,
              "max": 8.687772000000223,
              "hz": 1145.9513818666585,
              "period": 0.872637369982559,
              "mean": 0.872637369982559,
              "variance": 0.5793394922037418,
              "sd": 0.7611435424436982,
              "sem": 0.031797227649898105,
              "df": 572,
              "critical": 1.96,
              "moe": 0.062322566193800284,
              "p75": 0.9277240000001257,
              "p99": 3.893822999999429,
              "p995": 4.202040999999554,
              "p999": 8.687772000000223,
              "sampleCount": 573,
              "median": 0.637046000000737
            },
            {
              "id": "508153575_2_2",
              "name": "sine_pcm_24bit_be_stereo.wav - full decode() macrobench",
              "rank": 1,
              "rme": 5.767684516079088,
              "samples": [],
              "totalTime": 500.0738610000053,
              "min": 0.06614300000001094,
              "max": 3.503355000000738,
              "hz": 1259.81389777138,
              "period": 0.7937680333333418,
              "mean": 0.7937680333333418,
              "variance": 0.3437309282674523,
              "sd": 0.5862857053241638,
              "sem": 0.023358181608241147,
              "df": 629,
              "critical": 1.96,
              "moe": 0.04578203595215265,
              "p75": 0.8396730000004027,