{
  "files": [
    {
      "filepath": "/home/www/dekzer-oss/decoders/wav-decoder/tests/WavDecoder.bench.ts",
      "groups": [
        {
          "fullName": "tests/WavDecoder.bench.ts > WavDecoder full decode() performance",
          "benchmarks": [
            {
              "id": "-218030873_0_0",
              "name": "sine_alaw_8bit_le_mono.wav - decode",
              "rank": 1,
              "rme": 6.80680280396707,
              "samples": [],
              "totalTime": 1002,
              "min": 1,
              "max": 11,
              "hz": 343.313373253493,
              "period": 2.9127906976744184,
              "mean": 2.9127906976744184,
              "variance": 3.5200691572309974,
              "sd": 1.8761847343028344,
              "sem": 0.10115710147091544,
              "df": 343,
              "critical": 1.96,
              "moe": 0.19826791888299428,
              "p75": 3,
              "p99": 8,
              "p995": 8,
              "p999": 11,
              "sampleCount": 344,
              "median": 2
            },
            {
              "id": "-218030873_0_1",
              "name": "sine_pcm_16bit_le_stereo.wav - decode",
              "rank": 3,
              "rme": 7.836840423246989,
              "samples": [],
              "totalTime": 1010,
              "min": 1,
              "max": 21,
              "hz": 319.8019801980198,
              "period": 3.126934984520124,
              "mean": 3.126934984520124,
              "variance": 5.049054862219494,
              "sd": 2.247010205188106,
              "sem": 0.12502699228343117,
              "df": 322,
              "critical": 1.96,
              "moe": 0.24505290487552508,
              "p75": 3,
              "p99": 9,
              "p995": 9,
              "p999": 21,
              "sampleCount": 323,
              "median": 2
            },
            {
              "id": "-218030873_0_2",
              "name": "sine_pcm_24bit_be_stereo.wav - decode",
              "rank": 2,
              "rme": 7.1295578334028775,
              "samples": [],
              "totalTime": 1005,
              "min": 1,
              "max": 9,
              "hz": 320.39800995024876,
              "period": 3.12111801242236,
              "mean": 3.12111801242236,
              "variance": 4.150393761730619,
              "sd": 2.037251521469703,
              "sem": 0.1135315886451054,
              "df": 321,
              "critical": 1.96,
              "moe": 0.22252191374440658,
              "p75": 3,
              "p99": 8,
              "p995": 9,
              "p999": 9,
              "sampleCount": 322,
              "median": 2
            }
          ]
        },
        {
          "fullName": "tests/WavDecoder.bench.ts > WavDecoder API comparison under looping conditions",
          "benchmarks": [
            {
              "id": "-218030873_1_0",
              "name": "block-by-block (using decode)",
              "rank": 1,
              "rme": 7.06786575446393,
              "samples": [],
              "totalTime": 1001,
              "min": 1,
              "max": 10,
              "hz": 282.7172827172827,
              "period": 3.537102473498233,
              "mean": 3.537102473498233,
              "variance": 4.604114978823658,
              "sd": 2.1457201538932464,
              "sem": 0.12754982368606033,
              "df": 282,
              "critical": 1.96,
              "moe": 0.24999765442467822,
              "p75": 3,
              "p99": 10,
              "p995": 10,
              "p999": 10,
              "sampleCount": 283,
              "median": 3
            }
          ]
        }
      ]
    }
  ]
}