{
  "files": [
    {
      "filepath": "/home/www/dekzer-oss/decoders/wav-decoder/tests/WavDecoder.bench.ts",
      "groups": [
        {
          "fullName": "tests/WavDecoder.bench.ts > WavDecoder full decode() performance",
          "benchmarks": [
            {
              "id": "508153575_0_0",
              "name": "sine_alaw_8bit_le_mono.wav - decode",
              "rank": 3,
              "rme": 4.0949973694898025,
              "samples": [],
              "totalTime": 1000.0494719999984,
              "min": 0.23954600000001847,
              "max": 4.662951999999905,
              "hz": 950.9529544554387,
              "period": 1.051576731861197,
              "mean": 1.051576731861197,
              "variance": 0.45904743427116795,
              "sd": 0.6775303936143146,
              "sem": 0.021970428320348394,
              "df": 950,
              "critical": 1.96,
              "moe": 0.04306203950788285,
              "p75": 1.0946890000000167,
              "p99": 3.5209789999998975,
              "p995": 4.145681999999965,
              "p999": 4.662951999999905,
              "sampleCount": 951,
              "median": 0.8150379999999586
            },
            {
              "id": "508153575_0_1",
              "name": "sine_pcm_16bit_le_stereo.wav - decode",
              "rank": 2,
              "rme": 3.663794737713356,
              "samples": [],
              "totalTime": 1000.0484690000008,
              "min": 0.21676399999978457,
              "max": 3.9323349999999664,
              "hz": 1198.9418884856061,
              "period": 0.8340687814845711,
              "mean": 0.8340687814845711,
              "variance": 0.2914560279389294,
              "sd": 0.539866676077464,
              "sem": 0.015591106186194706,
              "df": 1198,
              "critical": 1.96,
              "moe": 0.030558568124941624,
              "p75": 0.8977020000002085,
              "p99": 3.1267839999995886,
              "p995": 3.3339899999996305,
              "p999": 3.867845000000216,
              "sampleCount": 1199,
              "median": 0.6408229999997275
            },
            {
              "id": "508153575_0_2",
              "name": "sine_pcm_24bit_be_stereo.wav - decode",
              "rank": 1,
              "rme": 2.6805220616249383,
              "samples": [],
              "totalTime": 1000.7197190000079,
              "min": 0.24275200000010955,
              "max": 2.973598999999922,
              "hz": 1365.017570918865,
              "period": 0.7325913023426119,
              "mean": 0.7325913023426119,
              "variance": 0.13712001276443062,
              "sd": 0.3702971951884467,
              "sem": 0.010019016061652635,
              "df": 1365,
              "critical": 1.96,
              "moe": 0.019637271480839165,
              "p75": 0.8196659999998701,
              "p99": 2.4235139999996136,
              "p995": 2.7099739999998746,
              "p999": 2.914973000000373,
              "sampleCount": 1366,
              "median": 0.5932099999997718
            }
          ]
        },
        {
          "fullName": "tests/WavDecoder.bench.ts > WavDecoder API comparison under looping conditions",
          "benchmarks": [
            {
              "id": "508153575_1_0",
              "name": "block-by-block (using decodeFrames)",
              "rank": 2,
              "rme": 4.068972643379742,
              "samples": [],
              "totalTime": 1000.5190599999833,
              "min": 0.1630330000007234,
              "max": 4.062355999999909,
              "hz": 1296.3271284407333,
              "period": 0.7714102235928938,
              "mean": 0.7714102235928938,
              "variance": 0.3326351609090943,
              "sd": 0.5767453171973694,
              "sem": 0.01601452600317824,
              "df": 1296,
              "critical": 1.96,
              "moe": 0.03138847096622935,
              "p75": 0.8845840000003591,
              "p99": 3.1212699999996403,
              "p995": 3.511600000000726,
              "p999": 3.8674339999997756,
              "sampleCount": 1297,
              "median": 0.5143079999998008
            },
            {
              "id": "508153575_1_1",
              "name": "block-by-block (using decode)",
              "rank": 1,
              "rme": 0.7081080755188733,
              "samples": [],
              "totalTime": 1000.3123060000044,
              "min": 0.3829230000001189,
              "max": 1.847290000000612,
              "hz": 2006.373397549696,
              "period": 0.4984117120079743,
              "mean": 0.4984117120079743,
              "variance": 0.006507449440093492,
              "sd": 0.08066876371987793,
              "sem": 0.0018006599908471103,
              "df": 2006,
              "critical": 1.96,
              "moe": 0.0035292935820603363,
              "p75": 0.522954000000027,
              "p99": 0.7766170000004422,
              "p995": 0.8619749999998021,
              "p999": 1.230291999999281,
              "sampleCount": 2007,
              "median": 0.4795540000004621
            }
          ]
        },
        {
          "fullName": "tests/WavDecoder.bench.ts > WavDecoder full file macrobench",
          "benchmarks": [
            {
              "id": "508153575_2_0",
              "name": "sine_alaw_8bit_le_mono.wav - full decode() macrobench",
              "rank": 3,
              "rme": 5.132603060154387,
              "samples": [],
              "totalTime": 500.27056300000186,
              "min": 0.12319000000024971,
              "max": 3.8783339999999953,
              "hz": 1409.23742498916,
              "period": 0.7096036354609956,
              "mean": 0.7096036354609956,
              "variance": 0.24343554691399716,
              "sd": 0.4933918796595635,
              "sem": 0.018582213218692776,
              "df": 704,
              "critical": 1.96,
              "moe": 0.03642113790863784,
              "p75": 0.7653049999998984,
              "p99": 2.828287999999702,
              "p995": 3.108385999999882,
              "p999": 3.8783339999999953,
              "sampleCount": 705,
              "median": 0.5179449999995995
            },
            {
              "id": "508153575_2_1",
              "name": "sine_pcm_16bit_le_stereo.wav - full decode() macrobench",
              "rank": 1,
              "rme": 5.132997760759092,
              "samples": [],
              "totalTime": 500.89945899999293,
              "min": 0.11337100000037026,
              "max": 3.6651520000004894,
              "hz": 1493.313651193244,
              "period": 0.6696516831550707,
              "mean": 0.6696516831550707,
              "variance": 0.23005386515480084,
              "sd": 0.47963930734959664,
              "sem": 0.01753734994960987,
              "df": 747,
              "critical": 1.96,
              "moe": 0.03437320590123535,
              "p75": 0.7055940000000192,
              "p99": 2.8517519999995784,
              "p995": 3.09388300000046,
              "p999": 3.6651520000004894,
              "sampleCount": 748,
              "median": 0.484427500000038
            },
            {
              "id": "508153575_2_2",
              "name": "sine_pcm_24bit_be_stereo.wav - full decode() macrobench",
              "rank": 2,
              "rme": 5.4651026872608846,
              "samples": [],
              "totalTime": 500.4141859999927,
              "min": 0.12063500000022032,
              "max": 7.548720999999205,
              "hz": 1458.7915779030507,
              "period": 0.6854988849314968,
              "mean": 0.6854988849314968,
              "variance": 0.26669868599498786,
              "sd": 0.5164287811450751,
              "sem": 0.019113886725272772,
              "df": 729,
              "critical": 1.96,
              "moe": 0.03746321798153463,
              "p75": 0.7499470000002475,