{
  "files": [
    {
      "filepath": "/home/www/dekzer-oss/wav-decoder/tests/WavDecoder.bench.ts",
      "groups": [
        {
          "fullName": "tests/WavDecoder.bench.ts > WavDecoder full decode() performance",
          "benchmarks": [
            {
              "id": "508153575_0_0",
              "name": "sine_alaw_8bit_le_mono.wav - decode",
              "rank": 2,
              "rme": 5.47372151189624,
              "samples": [],
              "totalTime": 1000.658689999996,
              "min": 0.2487549999999601,
              "max": 10.788932000000159,
              "hz": 676.5543604083454,
              "period": 1.4780778286558287,
              "mean": 1.4780778286558287,
              "variance": 1.1535502746943398,
              "sd": 1.074034577978912,
              "sem": 0.04127850207637906,
              "df": 676,
              "critical": 1.96,
              "moe": 0.08090586406970295,
              "p75": 1.4861170000000357,
              "p99": 6.031628999999839,
              "p995": 7.036391999999978,
              "p999": 10.788932000000159,
              "sampleCount": 677,
              "median": 1.1646919999998318
            },
            {
              "id": "508153575_0_1",
              "name": "sine_pcm_16bit_le_stereo.wav - decode",
              "rank": 3,
              "rme": 8.473493921990014,
              "samples": [],
              "totalTime": 1000.7982439999951,
              "min": 0.34563600000001315,
              "max": 19.146373999999923,
              "hz": 537.570887264669,
              "period": 1.860219784386608,
              "mean": 1.860219784386608,
              "variance": 3.4795549190993746,
              "sd": 1.8653565126000378,
              "sem": 0.0804212297783954,
              "df": 537,
              "critical": 1.96,
              "moe": 0.15762561036565498,
              "p75": 1.8808930000000146,
              "p99": 11.053942000000006,
              "p995": 15.571298999999954,
              "p999": 19.146373999999923,
              "sampleCount": 538,
              "median": 1.2942050000000336
            },
            {
              "id": "508153575_0_2",
              "name": "sine_pcm_24bit_be_stereo.wav - decode",
              "rank": 1,
              "rme": 6.221359117635335,
              "samples": [],
              "totalTime": 1000.0144320000068,
              "min": 0.5395869999997558,
              "max": 15.146677000000182,
              "hz": 788.9886133163272,
              "period": 1.2674454144486778,
              "mean": 1.2674454144486778,
              "variance": 1.2770089217649223,
              "sd": 1.1300481944434593,
              "sem": 0.040230781047374375,
              "df": 788,
              "critical": 1.96,
              "moe": 0.07885233085285377,
              "p75": 1.2229470000002038,
              "p99": 5.899864999999863,
              "p995": 10.040279999999711,
              "p999": 15.146677000000182,
              "sampleCount": 789,
              "median": 1.0114300000000185
            }
          ]
        },
        {
          "fullName": "tests/WavDecoder.bench.ts > WavDecoder API comparison under looping conditions",
          "benchmarks": [
            {
              "id": "508153575_1_0",
              "name": "block-by-block (using decodeFrames)",
              "rank": 2,
              "rme": 1.5170975737662535,
              "samples": [],
              "totalTime": 1000.0737330000075,
              "min": 0.5093580000002476,
              "max": 2.4759579999999914,
              "hz": 1144.9155819393884,
              "period": 0.8734268410480415,
              "mean": 0.8734268410480415,
              "variance": 0.052332735868354505,
              "sd": 0.22876349330335577,
              "sem": 0.006760580313348505,
              "df": 1144,
              "critical": 1.96,
              "moe": 0.013250737414163069,
              "p75": 0.9861929999997301,
              "p99": 1.570665999999619,
              "p995": 1.6777419999998529,
              "p999": 2.421262999999726,
              "sampleCount": 1145,
              "median": 0.8372280000003229
            },
            {
              "id": "508153575_1_1",
              "name": "block-by-block (using decode)",
              "rank": 1,
              "rme": 1.6337008301107039,
              "samples": [],
              "totalTime": 1000.248645000006,
              "min": 0.4770889999999781,
              "max": 2.6801890000006097,
              "hz": 1216.6974742565062,
              "period": 0.8218969967132342,
              "mean": 0.8218969967132342,
              "variance": 0.05711606536644753,
              "sd": 0.238989676275875,
              "sem": 0.006850682682632169,
              "df": 1216,
              "critical": 1.96,
              "moe": 0.013427338057959051,
              "p75": 0.9435990000001766,
              "p99": 1.5775210000001607,
              "p995": 1.779065000000628,
              "p999": 2.550489000000198,
              "sampleCount": 1217,
              "median": 0.7781809999996767
            }
          ]
        }
      ]
    },
    {
      "filepath": "/home/www/dekzer-oss/wav-decoder/tests/WavDecoder.bench.ts",
      "groups": [
        {
          "fullName": "tests/WavDecoder.bench.ts > WavDecoder full decode() performance",
          "benchmarks": [
            {
              "id": "-294586808_0_0",
              "name": "sine_alaw_8bit_le_mono.wav - decode",
              "rank": 2,
              "rme": 6.4944241317458715,
              "samples": [],
              "totalTime": 1001.1000000089407,
              "min": 0.09999999962747097,
              "max": 10.200000001117587,
              "hz": 1273.5990410434651,
              "period": 0.7851764705952476,
              "mean": 0.7851764705952476,
              "variance": 0.8630061501570825,
              "sd": 0.9289812431675262,
              "sem": 0.026016678664861372,
              "df": 1274,
              "critical": 1.96,
              "moe": 0.05099269018312829,
              "p75": 0.6999999992549419,
              "p99": 4.300000000745058,
              "p995": 6,
              "p999": 9.600000001490116,
              "sampleCount": 1275,
              "median": 0.5
            },
            {
              "id": "-294586808_0_1",
              "name": "sine_pcm_16bit_le_stereo.wav - decode",
              "rank": 1,
              "rme": 4.521895261207107,
              "samples": [],
              "totalTime": 1000.5999999940395,
              "min": 0.09999999962747097,
              "max": 5.300000000745058,
              "hz": 1578.0531681085408,
              "period": 0.6336922102558832,
              "mean": 0.6336922102558832,
              "variance": 0.33749529431181935,
              "sd": 0.5809434519054495,
              "sem": 0.014619845931734368,
              "df": 1578,
              "critical": 1.96,
              "moe": 0.02865489802619936,
              "p75": 0.7999999988824129,
              "p99": 3.400000000372529,
              "p995": 3.800000000745058,
              "p999": 4.400000000372529,
              "sampleCount": 1579,
              "median": 0.5
            },
            {
              "id": "-294586808_0_2",
              "name": "sine_pcm_24bit_be_stereo.wav - decode",
              "rank": 3,
              "rme": 2.6911132019658424,
              "samples": [],
              "totalTime": 1001.0999999959022,
              "min": 0.19999999925494194,
              "max": 3.299999998882413,
              "hz": 1222.6550794176508,
              "period": 0.8178921568593972,
              "mean": 0.8178921568593972,
              "variance": 0.154356632688139,
              "sd": 0.3928824667609119,
              "sem": 0.011229797862799191,
              "df": 1223,
              "critical": 1.96,
              "moe": 0.022010403811086415,
              "p75": 1.099999999627471,