{
  "files": [
    {
      "filepath": "/home/www/dekzer-oss/decoders/wav-decoder/tests/WavDecoder.bench.ts",
      "groups": [
        {
          "fullName": "tests/WavDecoder.bench.ts > WavDecoder | Single-pass decode (decoder reuse)",
          "benchmarks": [
            {
              "id": "-294586808_0_0",
              "name": "Decode | A-law 8-bit Mono | Single-pass, Decoder Reuse",
              "rank": 1,
              "rme": 1.1011352970977302,
              "samples": [],
              "totalTime": 2000.000000026077,
              "min": 0,
              "max": 1.5,
              "hz": 21451.4999997203,
              "period": 0.04661678670550025,
              "mean": 0.04661678670550025,
              "variance": 0.0029426699596303797,
              "sd": 0.05424638199576429,
              "sem": 0.0002618948432586864,
              "df": 42902,
              "critical": 1.96,
              "moe": 0.0005133138927870253,
              "p75": 0.10000000149011612,
              "p99": 0.19999999925494194,
              "p995": 0.19999999925494194,
              "p999": 0.20000000298023224,
              "sampleCount": 42903,
              "median": 0
            },
            {
              "id": "-294586808_0_1",
              "name": "Decode | µ-law 8-bit Stereo | Single-pass, Decoder Reuse",
              "rank": 2,
              "rme": 0.8749481023967488,
              "samples": [],
              "totalTime": 2000,
              "min": 0,
              "max": 1.300000000745058,
              "hz": 10799.5,
              "period": 0.09259687948516135,
              "mean": 0.09259687948516135,
              "variance": 0.003690445459289062,
              "sd": 0.06074903669433008,
              "sem": 0.00041335440812960384,
              "df": 21598,
              "critical": 1.96,
              "moe": 0.0008101746399340235,
              "p75": 0.10000000149011612,
              "p99": 0.20000000298023224,
              "p995": 0.20000000298023224,
              "p999": 0.30000000074505806,
              "sampleCount": 21599,
              "median": 0.10000000149011612
            },
            {
              "id": "-294586808_0_2",
              "name": "Decode | PCM 16-bit Mono | Single-pass, Decoder Reuse",
              "rank": 3,
              "rme": 0.8723826212482648,
              "samples": [],
              "totalTime": 2000.0999999940395,
              "min": 0,
              "max": 1,
              "hz": 10710.464476808078,
              "period": 0.09336663243366818,
              "mean": 0.09336663243366818,
              "variance": 0.003699519091092072,
              "sd": 0.06082367212765168,
              "sem": 0.00041556850785513626,
              "df": 21421,
              "critical": 1.96,
              "moe": 0.0008145142753960671,
              "p75": 0.10000000149011612,
              "p99": 0.20000000298023224,
              "p995": 0.20000000298023224,
              "p999": 0.30000000074505806,
              "sampleCount": 21422,
              "median": 0.10000000149011612
            },
            {
              "id": "-294586808_0_3",
              "name": "Decode | PCM 16-bit Stereo | Single-pass, Decoder Reuse",
              "rank": 6,
              "rme": 0.6789394922292027,
              "samples": [],
              "totalTime": 2000.1999999843538,
              "min": 0,
              "max": 1.7000000029802322,
              "hz": 5414.458554186939,
              "period": 0.18469067405211023,
              "mean": 0.18469067405211023,
              "variance": 0.004432700502961071,
              "sd": 0.06657852884347228,
              "sem": 0.0006397642472469843,
              "df": 10829,
              "critical": 1.96,
              "moe": 0.0012539379246040891,
              "p75": 0.19999999925494194,
              "p99": 0.30000000074505806,
              "p995": 0.30000000074505806,
              "p999": 0.4000000022351742,
              "sampleCount": 10830,
              "median": 0.19999999925494194
            },
            {
              "id": "-294586808_0_4",
              "name": "Decode | PCM 24-bit Mono | Single-pass, Decoder Reuse",
              "rank": 4,
              "rme": 0.7275361779588856,
              "samples": [],
              "totalTime": 2000.0999999791384,
              "min": 0,
              "max": 1,
              "hz": 7132.643367906003,
              "period": 0.14020047665632543,
              "mean": 0.14020047665632543,
              "variance": 0.003863654163739232,
              "sd": 0.062158299234609304,
              "sem": 0.0005204128517069233,
              "df": 14265,
              "critical": 1.96,
              "moe": 0.0010200091893455697,
              "p75": 0.19999999925494194,
              "p99": 0.30000000074505806,
              "p995": 0.30000000074505806,
              "p999": 0.4000000022351742,
              "sampleCount": 14266,
              "median": 0.10000000149011612
            },
            {
              "id": "-294586808_0_5",
              "name": "Decode | PCM 24-bit Stereo | Single-pass, Decoder Reuse",
              "rank": 7,
              "rme": 0.5737623566147556,
              "samples": [],
              "totalTime": 2000.199999999255,
              "min": 0.09999999776482582,
              "max": 1.9000000022351742,
              "hz": 3648.1351864827107,
              "period": 0.27411264903374744,
              "mean": 0.27411264903374744,
              "variance": 0.0046984483848502515,
              "sd": 0.06854522875335854,
              "sem": 0.0008024261198342671,
              "df": 7296,
              "critical": 1.96,
              "moe": 0.0015727551948751636,
              "p75": 0.30000000074505806,
              "p99": 0.4000000022351742,
              "p995": 0.4000000022351742,
              "p999": 0.6000000014901161,
              "sampleCount": 7297,
              "median": 0.30000000074505806
            },
            {
              "id": "-294586808_0_6",
              "name": "Decode | Float 32-bit Mono | Single-pass, Decoder Reuse",
              "rank": 5,
              "rme": 0.6508903169975216,
              "samples": [],
              "totalTime": 2000.0000000149012,
              "min": 0,
              "max": 1.800000000745058,
              "hz": 5466.999999959267,
              "period": 0.1829156758747852,
              "mean": 0.1829156758747852,
              "variance": 0.004034450586440982,
              "sd": 0.06351732508883684,
              "sem": 0.0006074389910916064,
              "df": 10933,
              "critical": 1.96,
              "moe": 0.0011905804225395486,
              "p75": 0.19999999925494194,
              "p99": 0.30000000074505806,
              "p995": 0.30000000074505806,
              "p999": 0.4000000022351742,
              "sampleCount": 10934,
              "median": 0.19999999925494194
            },
            {
              "id": "-294586808_0_7",
              "name": "Decode | Float 32-bit Stereo | Single-pass, Decoder Reuse",
              "rank": 8,
              "rme": 0.6860146669510169,
              "samples": [],
              "totalTime": 2000.0999999791384,
              "min": 0.19999999925494194,
              "max": 3.600000001490116,
              "hz": 2629.8685066021017,
              "period": 0.3802471482850073,
              "mean": 0.3802471482850073,
              "variance": 0.009316919321697465,
              "sd": 0.09652419034468751,
              "sem": 0.0013308934734174143,
              "df": 5259,
              "critical": 1.96,
              "moe": 0.002608551207898132,
              "p75": 0.4000000022351742,
              "p99": 0.6000000014901161,
              "p995": 0.6999999992549419,
              "p999": 1.4000000022351742,
              "sampleCount": 5260,
              "median": 0.3999999985098839
            },
            {
              "id": "-294586808_0_8",