{
  "files": [
    {
      "filepath": "/home/www/dekzer-oss/decoders/wav-decoder/tests/WavDecoder.bench.ts",
      "groups": [
        {
          "fullName": "tests/WavDecoder.bench.ts > WavDecoder full decode() performance",
          "benchmarks": [
            {
              "id": "1660616501_0_0",
              "name": "sine_alaw_8bit_le_mono.wav - decode",
              "rank": 2,
              "rme": 5.30235428083981,
              "samples": [],
              "totalTime": 1000.0000000000002,
              "min": 0,
              "max": 4.000000000000114,
              "hz": 609.9999999999999,
              "period": 1.6393442622950822,
              "mean": 1.6393442622950822,
              "variance": 1.1997631161000317,
              "sd": 1.095336987460951,
              "sem": 0.044348898300767915,
              "df": 609,
              "critical": 1.96,
              "moe": 0.0869238406695051,
              "p75": 3,
              "p99": 4,
              "p995": 4,
              "p999": 4.000000000000114,
              "sampleCount": 610,
              "median": 1
            },
            {
              "id": "1660616501_0_1",
              "name": "sine_pcm_16bit_le_stereo.wav - decode",
              "rank": 1,
              "rme": 6.732928913876665,
              "samples": [],
              "totalTime": 1001,
              "min": 0,
              "max": 6,
              "hz": 629.3706293706294,
              "period": 1.5888888888888888,
              "mean": 1.5888888888888888,
              "variance": 1.8768238827062298,
              "sd": 1.3699722196841182,
              "sem": 0.05458099969866004,
              "df": 629,
              "critical": 1.96,
              "moe": 0.10697875940937367,
              "p75": 2.9999999999997726,
              "p99": 5,
              "p995": 5,
              "p999": 6,
              "sampleCount": 630,
              "median": 1
            },
            {
              "id": "1660616501_0_2",
              "name": "sine_pcm_24bit_be_stereo.wav - decode",
              "rank": 3,
              "rme": 6.882085190611089,
              "samples": [],
              "totalTime": 1003.9999999999991,
              "min": 0,
              "max": 6.000000000000455,
              "hz": 593.6254980079686,
              "period": 1.6845637583892603,
              "mean": 1.6845637583892603,
              "variance": 2.085206700129671,
              "sd": 1.444024480446807,
              "sem": 0.05914954741964737,
              "df": 595,
              "critical": 1.96,
              "moe": 0.11593311294250884,
              "p75": 3,
              "p99": 5,
              "p995": 5.999999999999545,
              "p999": 6.000000000000455,
              "sampleCount": 596,
              "median": 1
            }
          ]
        },
        {
          "fullName": "tests/WavDecoder.bench.ts > WavDecoder API comparison under looping conditions",
          "benchmarks": [
            {
              "id": "1660616501_1_0",
              "name": "block-by-block (using decode)",
              "rank": 1,
              "rme": 7.152694884339268,
              "samples": [],
              "totalTime": 1000,
              "min": 0,
              "max": 5.0000000000009095,
              "hz": 628,
              "period": 1.5923566878980893,
              "mean": 1.5923566878980893,
              "variance": 2.120643240991891,
              "sd": 1.4562428509667922,
              "sem": 0.05811041599781675,
              "df": 627,
              "critical": 1.96,
              "moe": 0.11389641535572083,
              "p75": 2.9999999999990905,
              "p99": 5,
              "p995": 5,
              "p999": 5.0000000000009095,
              "sampleCount": 628,
              "median": 1
            }
          ]
        }
      ]
    }
  ]
}