{
  "files": [
    {
      "filepath": "/home/www/dekzer-oss/decoders/wav-decoder/tests/WavDecoder.bench.ts",
      "groups": [
        {
          "fullName": "tests/WavDecoder.bench.ts > WavDecoder full decode() performance",
          "benchmarks": [
            {
              "id": "278005979_0_0",
              "name": "sine_alaw_8bit_le_mono.wav - decode",
              "rank": 3,
              "rme": 3.0596601373226147,
              "samples": [],
              "totalTime": 5002,
              "min": 1,
              "max": 16,
              "hz": 234.3062774890044,
              "period": 4.2679180887372015,
              "mean": 4.2679180887372015,
              "variance": 5.2022832793651,
              "sd": 2.2808514373726974,
              "sem": 0.06662438186462927,
              "df": 1171,
              "critical": 1.96,
              "moe": 0.13058378845467336,
              "p75": 5,
              "p99": 11,
              "p995": 13,
              "p999": 14,
              "sampleCount": 1172,
              "median": 4
            },
            {
              "id": "278005979_0_1",
              "name": "sine_pcm_16bit_le_stereo.wav - decode",
              "rank": 2,
              "rme": 2.9016551649548177,
              "samples": [],
              "totalTime": 5006,
              "min": 1,
              "max": 14,
              "hz": 249.9001198561726,
              "period": 4.001598721023181,
              "mean": 4.001598721023181,
              "variance": 4.3903974420463605,
              "sd": 2.0953275261987945,
              "sem": 0.059241120392517894,
              "df": 1250,
              "critical": 1.96,
              "moe": 0.11611259596933507,
              "p75": 4,
              "p99": 10,
              "p995": 10,
              "p999": 11,
              "sampleCount": 1251,
              "median": 3
            },
            {
              "id": "278005979_0_2",
              "name": "sine_pcm_24bit_be_stereo.wav - decode",
              "rank": 1,
              "rme": 3.450504229341093,
              "samples": [],
              "totalTime": 5003,
              "min": 0,
              "max": 14,
              "hz": 320.40775534679193,
              "period": 3.1210230817217717,
              "mean": 3.1210230817217717,
              "variance": 4.839276855272197,
              "sd": 2.1998356427861143,
              "sem": 0.054944404813021146,
              "df": 1602,
              "critical": 1.96,
              "moe": 0.10769103343352145,
              "p75": 3,
              "p99": 9,
              "p995": 9,
              "p999": 12,
              "sampleCount": 1603,
              "median": 2
            }
          ]
        },
        {
          "fullName": "tests/WavDecoder.bench.ts > WavDecoder API comparison under looping conditions",
          "benchmarks": [
            {
              "id": "278005979_1_0",
              "name": "block-by-block (using decodeFrames)",
              "rank": 1,
              "rme": 3.2021909891131637,
              "samples": [],
              "totalTime": 5000,
              "min": 0,
              "max": 6,
              "hz": 5874,
              "period": 0.17024174327545114,
              "mean": 0.17024174327545114,
              "variance": 0.22720526009135983,
              "sd": 0.47666052919384866,
              "sem": 0.002781360083099827,
              "df": 29369,
              "critical": 1.96,
              "moe": 0.005451465762875661,
              "p75": 0,
              "p99": 1,
              "p995": 2,
              "p999": 5,
              "sampleCount": 29370,
              "median": 0
            },
            {
              "id": "278005979_1_1",
              "name": "block-by-block (using decode)",
              "rank": 2,
              "rme": 3.0921608993575425,
              "samples": [],
              "totalTime": 5001,
              "min": 0,
              "max": 14,
              "hz": 344.33113377324537,
              "period": 2.9041811846689893,
              "mean": 2.9041811846689893,
              "variance": 3.614869201319182,
              "sd": 1.9012809369788521,
              "sem": 0.04581732399940468,
              "df": 1721,
              "critical": 1.96,
              "moe": 0.08980195503883316,
              "p75": 3,
              "p99": 8,
              "p995": 9,
              "p999": 13,
              "sampleCount": 1722,
              "median": 2
            }
          ]
        },
        {
          "fullName": "tests/WavDecoder.bench.ts > WavDecoder full file macrobench",
          "benchmarks": [
            {
              "id": "278005979_2_0",
              "name": "sine_alaw_8bit_le_mono.wav - full decode() macrobench",
              "rank": 3,
              "rme": 13.622397951081517,
              "samples": [],
              "totalTime": 500,
              "min": 0,
              "max": 5,
              "hz": 34634,
              "period": 0.028873361436738465,
              "mean": 0.028873361436738465,
              "variance": 0.06973685142536558,
              "sd": 0.264077358789741,
              "sem": 0.002006757243248276,
              "df": 17316,
              "critical": 1.96,
              "moe": 0.003933244196766621,
              "p75": 0,
              "p99": 1,
              "p995": 1,
              "p999": 4,
              "sampleCount": 17317,
              "median": 0
            },
            {
              "id": "278005979_2_1",
              "name": "sine_pcm_16bit_le_stereo.wav - full decode() macrobench",
              "rank": 1,
              "rme": 13.9344201886186,
              "samples": [],
              "totalTime": 502,
              "min": 0,
              "max": 5,
              "hz": 34970.11952191235,
              "period": 0.028595841640558246,
              "mean": 0.028595841640558246,
              "variance": 0.07255582132257289,
              "sd": 0.2693618780053571,
              "sem": 0.0020329922095241593,
              "df": 17554,
              "critical": 1.96,
              "moe": 0.003984664730667352,
              "p75": 0,
              "p99": 1,
              "p995": 1,
              "p999": 4,
              "sampleCount": 17555,
              "median": 0
            },
            {
              "id": "278005979_2_2",
              "name": "sine_pcm_24bit_be_stereo.wav - full decode() macrobench",
              "rank": 2,
              "rme": 14.03361715495222,
              "samples": [],
              "totalTime": 500,
              "min": 0,
              "max": 5,
              "hz": 34648,
              "period": 0.028861694758716232,
              "mean": 0.028861694758716232,
              "variance": 0.07398078581196336,
              "sd": 0.2719940915019357,
              "sem": 0.0020664998708516055,
              "df": 17323,
              "critical": 1.96,
              "moe": 0.004050339746869146,
              "p75": 0,
              "p99": 1,
              "p995": 1,
              "p999": 4,
              "sampleCount": 17324,
              "median": 0
            }
          ]
        }
      ]
    }
  ]
}